F,G,H,L,M,N,sigma0,k,n
0.2203,0.2734,0.7266,1.5,1.5,2.3215,132.19,679.89,0.179
0.2345,0.2405,0.7595,1.5,1.5,1.6957,178.55,519.35,0.288
0.1773,0.2319,0.7681,1.5,1.5,1.061,160.69,514.45,0.28
0.4317,0.1725,0.8275,1.5,1.5,2.387,160.14,627.38,0.206
0.7589,0.2077,0.7923,1.5,1.5,1.9893,193.99,614.32,0.262
0.3261,0.229,0.771,1.5,1.5,2.6004,160.24,348.12,0.212
0.6131,0.1453,0.8547,1.5,1.5,1.4721,194.11,631.1,0.273
0.1391,0.24,0.76,1.5,1.5,1.7152,234.69,662.94,0.202
0.2928,0.2695,0.7305,1.5,1.5,1.3646,155.66,517.84,0.267
0.1497,0.2171,0.7829,1.5,1.5,0.4398,254.33,699.57,0.214
0.4827,0.1529,0.8471,1.5,1.5,1.84,143.64,665.77,0.225
0.1131,0.3439,0.6561,1.5,1.5,1.1712,231.87,531.56,0.244
0.1576,0.291,0.709,1.5,1.5,1.9558,276.2,591.15,0.298
0.1475,0.1505,0.8495,1.5,1.5,1.282,226.89,565.97,0.212
0.0703,0.6242,0.3758,1.5,1.5,1.5042,183.98,459.38,0.237
0.2176,0.3619,0.6381,1.5,1.5,1.3745,226.13,563.8,0.272
0.1244,0.2543,0.7457,1.5,1.5,2.4066,199.9,413.19,0.28
0.1818,0.1817,0.8183,1.5,1.5,0.6215,148.4,408.51,0.271
0.6251,0.1598,0.8402,1.5,1.5,5.0779,196.33,625.39,0.292
0.3499,0.1621,0.8379,1.5,1.5,2.6329,215.58,683.26,0.291
0.3202,0.1721,0.8279,1.5,1.5,1.9561,222.0,520.11,0.251
0.3336,0.1831,0.8169,1.5,1.5,1.5624,215.24,635.43,0.282
0.3061,0.2415,0.7585,1.5,1.5,3.4859,280.44,687.67,0.282
0.1448,0.3441,0.6559,1.5,1.5,2.2796,135.81,495.94,0.294
0.3093,0.2871,0.7129,1.5,1.5,2.1667,182.18,426.06,0.289
0.1356,0.2899,0.7101,1.5,1.5,1.484,188.62,560.06,0.243
0.0767,0.5485,0.4515,1.5,1.5,1.3137,143.3,351.22,0.288
0.1368,0.2552,0.7448,1.5,1.5,2.4574,152.96,494.67,0.165
0.1969,0.1594,0.8406,1.5,1.5,1.0895,157.75,423.91,0.27
0.3103,0.1577,0.8423,1.5,1.5,2.9212,158.28,526.1,0.252
0.1641,0.2288,0.7712,1.5,1.5,2.2074,280.71,651.26,0.227
0.1,0.5063,0.4937,1.5,1.5,1.3424,234.06,618.97,0.296
0.1454,0.4008,0.5992,1.5,1.5,2.2532,194.49,695.36,0.265
1.0092,0.229,0.771,1.5,1.5,6.384,131.36,351.36,0.245
0.2928,0.427,0.573,1.5,1.5,3.5565,148.95,395.92,0.206
0.1797,0.1766,0.8234,1.5,1.5,2.0405,172.38,409.6,0.246
0.1153,0.3801,0.6199,1.5,1.5,2.7968,256.84,562.63,0.211
0.1561,0.2788,0.7212,1.5,1.5,1.2006,182.79,630.38,0.219
0.1361,0.3349,0.6651,1.5,1.5,1.3969,210.24,540.74,0.287
0.1763,0.2086,0.7914,1.5,1.5,0.6066,130.25,547.06,0.291
0.1108,0.3582,0.6418,1.5,1.5,2.4151,138.53,362.97,0.195
0.4809,0.1532,0.8468,1.5,1.5,2.4963,221.02,629.27,0.218
0.5296,0.4985,0.5015,1.5,1.5,3.9951,191.11,609.02,0.234
0.1694,0.1806,0.8194,1.5,1.5,1.6499,251.65,543.51,0.251
0.1591,0.1638,0.8362,1.5,1.5,1.5051,197.28,569.95,0.225
0.2207,0.2357,0.7643,1.5,1.5,1.69,202.99,613.99,0.285
0.5792,0.1543,0.8457,1.5,1.5,4.5246,122.55,594.47,0.193
0.3086,0.1946,0.8054,1.5,1.5,1.43,191.6,653.28,0.211
0.113,0.4376,0.5624,1.5,1.5,1.2748,139.43,621.03,0.233
0.664,0.2955,0.7045,1.5,1.5,4.9088,150.65,558.71,0.171
0.4198,0.2432,0.7568,1.5,1.5,2.6378,165.62,405.31,0.295
0.1524,0.2162,0.7838,1.5,1.5,0.6376,177.32,639.22,0.25
0.4455,0.3932,0.6068,1.5,1.5,2.751,218.16,529.26,0.252
0.1411,0.1753,0.8247,1.5,1.5,1.5752,290.69,621.56,0.239
0.2988,0.1466,0.8534,1.5,1.5,1.7376,198.4,456.65,0.194
0.175,0.1787,0.8213,1.5,1.5,1.5589,149.06,469.79,0.29
0.4057,0.3021,0.6979,1.5,1.5,1.5587,250.8,686.42,0.193
0.1968,0.2594,0.7406,1.5,1.5,1.0561,152.28,320.47,0.285
1.0052,0.1868,0.8132,1.5,1.5,4.2184,136.68,430.45,0.296
0.2564,0.1507,0.8493,1.5,1.5,2.0772,253.43,533.68,0.263
0.1728,0.4973,0.5027,1.5,1.5,3.8801,158.65,653.18,0.299
0.1331,0.5171,0.4829,1.5,1.5,4.0448,129.35,339.44,0.286
0.173,0.2796,0.7204,1.5,1.5,2.0014,275.08,653.79,0.204
0.2318,0.1981,0.8019,1.5,1.5,1.7024,126.29,291.28,0.242
0.5283,0.1817,0.8183,1.5,1.5,1.9759,225.92,546.61,0.202
0.1694,0.2614,0.7386,1.5,1.5,1.3308,291.85,697.83,0.187
0.4051,0.262,0.738,1.5,1.5,3.9609,185.48,613.0,0.29
0.4709,0.1793,0.8207,1.5,1.5,3.7456,120.18,644.29,0.278
0.0835,0.5181,0.4819,1.5,1.5,2.1057,200.69,513.26,0.238
0.1289,0.2497,0.7503,1.5,1.5,0.8583,140.7,338.82,0.195
0.9281,0.1963,0.8037,1.5,1.5,3.282,227.72,683.96,0.241
0.1117,0.381,0.619,1.5,1.5,2.543,159.65,440.43,0.197
0.2157,0.1565,0.8435,1.5,1.5,1.6526,203.25,546.13,0.192
0.1629,0.157,0.843,1.5,1.5,1.2132,211.78,434.13,0.268
0.2406,0.2251,0.7749,1.5,1.5,1.2604,143.54,543.89,0.246
0.2493,0.249,0.751,1.5,1.5,2.1169,213.47,519.8,0.277
0.2925,0.176,0.824,1.5,1.5,1.4828,127.45,473.06,0.223
0.5395,0.2355,0.7645,1.5,1.5,2.1328,273.16,613.18,0.252
0.4686,0.2756,0.7244,1.5,1.5,2.8151,184.67,459.98,0.208
0.1768,0.2483,0.7517,1.5,1.5,2.2407,203.94,591.47,0.159
0.2368,0.2286,0.7714,1.5,1.5,2.639,203.74,533.41,0.273
0.2802,0.2445,0.7555,1.5,1.5,1.9567,208.92,642.41,0.243
0.1802,0.3012,0.6988,1.5,1.5,1.9248,152.12,590.11,0.196
0.4901,0.2786,0.7214,1.5,1.5,1.3598,148.81,637.74,0.209
0.4331,0.4509,0.5491,1.5,1.5,1.6865,141.92,534.55,0.205
0.1223,0.2759,0.7241,1.5,1.5,1.6655,125.12,602.04,0.299
0.1479,0.2849,0.7151,1.5,1.5,2.2901,120.64,392.65,0.163
0.2157,0.3392,0.6608,1.5,1.5,2.2933,148.06,363.19,0.186
1.1149,0.1639,0.8361,1.5,1.5,4.3681,173.76,498.18,0.293
0.3002,0.202,0.798,1.5,1.5,3.2287,276.6,613.21,0.245
0.2456,0.2434,0.7566,1.5,1.5,1.1829,145.28,481.12,0.205
0.1786,0.1523,0.8477,1.5,1.5,1.1376,134.86,529.81,0.203
0.1953,0.2385,0.7615,1.5,1.5,2.6507,159.49,317.83,0.298
0.3464,0.2307,0.7693,1.5,1.5,1.7659,133.93,575.05,0.248
0.1436,0.2425,0.7575,1.5,1.5,1.2346,161.14,638.3,0.215
0.2107,0.224,0.776,1.5,1.5,1.4954,123.81,497.63,0.216
0.1527,0.2806,0.7194,1.5,1.5,2.6429,273.94,665.43,0.215
0.298,0.1685,0.8315,1.5,1.5,2.0985,215.81,511.3,0.215
0.1866,0.2206,0.7794,1.5,1.5,0.9753,196.13,535.88,0.254
0.2037,0.157,0.843,1.5,1.5,1.8254,182.65,388.47,0.278
0.1319,0.2332,0.7668,1.5,1.5,0.8487,204.86,503.0,0.233
0.0861,0.5501,0.4499,1.5,1.5,1.119,133.79,633.66,0.239
1.2081,0.1857,0.8143,1.5,1.5,1.819,163.39,621.17,0.257
0.1938,0.4016,0.5984,1.5,1.5,3.2562,243.42,541.65,0.243
0.1749,0.1475,0.8525,1.5,1.5,1.8394,159.84,358.34,0.161
0.134,0.4011,0.5989,1.5,1.5,2.9275,128.57,621.33,0.238
0.1752,0.5141,0.4859,1.5,1.5,2.2342,220.32,556.74,0.251
0.6018,0.1515,0.8485,1.5,1.5,1.102,175.36,563.06,0.223
0.1886,0.1628,0.8372,1.5,1.5,1.171,142.99,486.24,0.282
0.9987,0.1431,0.8569,1.5,1.5,1.8258,245.36,635.65,0.271
0.2655,0.175,0.825,1.5,1.5,2.6063,234.63,480.73,0.247
0.2077,0.3197,0.6803,1.5,1.5,1.9296,153.81,538.2,0.213
0.2029,0.1459,0.8541,1.5,1.5,2.1618,155.27,307.54,0.184
0.1761,0.5593,0.4407,1.5,1.5,3.2937,163.61,582.45,0.27
0.3277,0.222,0.778,1.5,1.5,2.9898,158.58,403.75,0.278
0.1736,0.2524,0.7476,1.5,1.5,0.8967,149.68,665.06,0.274
0.1371,0.3085,0.6915,1.5,1.5,0.5582,154.92,692.87,0.249
0.1131,0.5705,0.4295,1.5,1.5,4.428,270.51,685.04,0.203
0.2227,0.2674,0.7326,1.5,1.5,2.2909,290.2,658.16,0.182
0.1682,0.23,0.77,1.5,1.5,1.586,145.05,569.03,0.199
0.2311,0.4985,0.5015,1.5,1.5,3.8071,191.82,686.86,0.215
0.2359,0.1654,0.8346,1.5,1.5,1.136,203.71,471.71,0.286
0.1166,0.4062,0.5938,1.5,1.5,2.2049,164.72,482.28,0.219
0.1808,0.2017,0.7983,1.5,1.5,0.669,123.9,695.29,0.231
0.2514,0.1567,0.8433,1.5,1.5,1.9636,246.64,543.68,0.263
0.47,0.1606,0.8394,1.5,1.5,3.209,278.74,680.68,0.188
0.1507,0.1614,0.8386,1.5,1.5,1.8771,141.46,476.3,0.239
0.4143,0.2303,0.7697,1.5,1.5,2.2637,143.39,390.46,0.186
0.2523,0.2298,0.7702,1.5,1.5,1.9167,216.65,579.89,0.184
0.3578,0.3495,0.6505,1.5,1.5,4.0572,121.62,582.51,0.272
0.1768,0.349,0.651,1.5,1.5,2.6946,139.12,414.86,0.291
0.163,0.1439,0.8561,1.5,1.5,1.162,191.65,428.67,0.259
0.1317,0.3002,0.6998,1.5,1.5,2.0316,173.69,671.41,0.189
1.0996,0.1819,0.8181,1.5,1.5,6.8624,187.57,522.82,0.204
0.1204,0.3284,0.6716,1.5,1.5,1.4087,152.57,687.57,0.185
0.1841,0.1513,0.8487,1.5,1.5,1.6181,180.91,642.5,0.222
0.2906,0.2484,0.7516,1.5,1.5,1.6742,174.3,433.92,0.202
0.3788,0.2212,0.7788,1.5,1.5,3.4529,182.75,673.01,0.248
0.2008,0.2256,0.7744,1.5,1.5,2.5445,187.17,613.23,0.219
0.231,0.2259,0.7741,1.5,1.5,1.6162,194.95,561.7,0.197
0.1918,0.5411,0.4589,1.5,1.5,4.4347,121.95,426.74,0.227
0.2915,0.2475,0.7525,1.5,1.5,2.8258,227.71,661.9,0.253
0.2736,0.2518,0.7482,1.5,1.5,2.0656,131.5,652.69,0.187
0.1252,0.3429,0.6571,1.5,1.5,1.5921,136.37,486.75,0.207
0.2532,0.5068,0.4932,1.5,1.5,4.0782,225.51,568.03,0.251
0.4931,0.1844,0.8156,1.5,1.5,2.8076,202.5,698.2,0.296
0.4104,0.2367,0.7633,1.5,1.5,0.7784,213.75,672.26,0.211
0.1286,0.3173,0.6827,1.5,1.5,1.7524,245.27,657.8,0.259
0.123,0.3971,0.6029,1.5,1.5,1.018,137.25,427.56,0.225
0.1759,0.2084,0.7916,1.5,1.5,0.6537,205.8,464.13,0.273
0.1539,0.2916,0.7084,1.5,1.5,1.488,266.84,673.74,0.19
0.2005,0.1777,0.8223,1.5,1.5,0.875,201.97,479.08,0.266
0.1611,0.152,0.848,1.5,1.5,1.2829,194.36,657.4,0.296
0.1512,0.2282,0.7718,1.5,1.5,1.3868,142.21,685.19,0.228
0.1523,0.2664,0.7336,1.5,1.5,2.3954,225.64,654.97,0.256
0.0961,0.4669,0.5331,1.5,1.5,0.6925,126.62,631.81,0.261
0.2758,0.1436,0.8564,1.5,1.5,1.7271,204.14,625.92,0.21
0.5153,0.547,0.453,1.5,1.5,6.406,209.08,599.74,0.16
0.2694,0.1906,0.8094,1.5,1.5,1.3964,132.32,620.95,0.229
0.3815,0.2272,0.7728,1.5,1.5,2.4169,187.84,410.34,0.259
0.1612,0.2918,0.7082,1.5,1.5,2.1503,226.55,562.39,0.271
0.1372,0.2134,0.7866,1.5,1.5,0.5378,208.53,651.94,0.239
0.5885,0.1861,0.8139,1.5,1.5,4.959,190.18,540.43,0.224
0.7714,0.153,0.847,1.5,1.5,4.6119,133.28,693.36,0.188
0.1995,0.3138,0.6862,1.5,1.5,3.239,267.77,633.55,0.216
0.199,0.5391,0.4609,1.5,1.5,1.2961,136.98,513.19,0.223
0.3491,0.1615,0.8385,1.5,1.5,2.7337,253.95,680.17,0.193
0.2229,0.234,0.766,1.5,1.5,2.9581,144.58,335.59,0.164
0.3422,0.3447,0.6553,1.5,1.5,1.7804,123.0,677.94,0.182
0.4775,0.3811,0.6189,1.5,1.5,2.1664,122.04,578.47,0.218
0.1544,0.1633,0.8367,1.5,1.5,1.2297,212.76,595.89,0.171
0.1481,0.3596,0.6404,1.5,1.5,1.4496,263.32,694.54,0.188
0.3795,0.2831,0.7169,1.5,1.5,4.1931,163.25,621.11,0.207
0.1706,0.4268,0.5732,1.5,1.5,2.9144,238.64,524.73,0.267
0.183,0.3646,0.6354,1.5,1.5,2.503,277.5,632.81,0.232
0.1471,0.2255,0.7745,1.5,1.5,1.2327,180.65,518.81,0.181
0.3982,0.1546,0.8454,1.5,1.5,2.3914,166.17,670.86,0.163
0.2027,0.1522,0.8478,1.5,1.5,1.7768,125.38,352.45,0.281
0.2845,0.1881,0.8119,1.5,1.5,2.8728,252.02,678.42,0.276
0.3341,0.2008,0.7992,1.5,1.5,2.8388,278.76,677.22,0.202
0.1996,0.2045,0.7955,1.5,1.5,1.7383,199.45,560.26,0.273
0.227,0.2053,0.7947,1.5,1.5,2.803,162.91,498.6,0.291
1.2725,0.183,0.817,1.5,1.5,7.9896,127.63,421.38,0.2
0.1327,0.2074,0.7926,1.5,1.5,0.45,225.21,648.01,0.226
1.2368,0.1714,0.8286,1.5,1.5,7.1351,142.71,540.88,0.258
0.2341,0.1837,0.8163,1.5,1.5,2.4086,294.83,581.69,0.246
0.5371,0.1713,0.8287,1.5,1.5,2.4878,151.45,424.36,0.273
0.1264,0.313,0.687,1.5,1.5,1.9643,156.91,615.06,0.226
0.101,0.5255,0.4745,1.5,1.5,1.0825,132.58,492.72,0.295
0.4451,0.1984,0.8016,1.5,1.5,2.4484,140.08,591.71,0.232
0.2318,0.2324,0.7676,1.5,1.5,2.7984,123.37,417.09,0.291
0.2264,0.1646,0.8354,1.5,1.5,0.9503,148.79,441.84,0.254
0.1565,0.2277,0.7723,1.5,1.5,1.017,185.42,462.96,0.201
0.2388,0.2874,0.7126,1.5,1.5,1.1765,186.14,532.55,0.242
0.122,0.5187,0.4813,1.5,1.5,2.9249,147.25,355.34,0.281
0.2085,0.2723,0.7277,1.5,1.5,3.0909,169.8,354.6,0.252
0.6465,0.179,0.821,1.5,1.5,4.2403,195.18,526.77,0.185
0.5515,0.1695,0.8305,1.5,1.5,3.0309,177.12,659.08,0.298
0.1996,0.1514,0.8486,1.5,1.5,2.0802,142.55,286.56,0.256
0.4189,0.3934,0.6066,1.5,1.5,1.8082,151.08,565.52,0.264
0.1703,0.1588,0.8412,1.5,1.5,0.7946,240.75,564.04,0.272
0.1333,0.2892,0.7108,1.5,1.5,1.5741,163.73,583.24,0.22
0.4528,0.3679,0.6321,1.5,1.5,3.1063,198.32,447.17,0.211
0.1553,0.3407,0.6593,1.5,1.5,1.7486,132.68,637.03,0.239
0.3298,0.1859,0.8141,1.5,1.5,2.008,135.71,618.46,0.166
0.2005,0.5811,0.4189,1.5,1.5,3.7869,147.99,585.5,0.28
0.2756,0.2038,0.7962,1.5,1.5,2.9602,295.37,619.28,0.295
0.1379,0.1865,0.8135,1.5,1.5,1.4798,180.45,446.73,0.23
0.0997,0.404,0.596,1.5,1.5,2.096,291.82,669.02,0.205
0.2523,0.2682,0.7318,1.5,1.5,2.3857,245.89,515.08,0.224
0.1965,0.3845,0.6155,1.5,1.5,2.0149,196.1,595.62,0.245
0.1227,0.318,0.682,1.5,1.5,2.5808,223.13,654.85,0.224
0.1573,0.1449,0.8551,1.5,1.5,0.6966,182.32,662.45,0.263
0.9662,0.1527,0.8473,1.5,1.5,3.6519,168.02,644.99,0.275
0.5884,0.3104,0.6896,1.5,1.5,4.156,134.25,489.94,0.269
0.1853,0.3176,0.6824,1.5,1.5,1.8522,158.67,513.3,0.175
0.1281,0.2843,0.7157,1.5,1.5,0.8442,149.56,626.11,0.241
0.3263,0.2701,0.7299,1.5,1.5,2.1767,182.55,396.09,0.22
0.4116,0.4653,0.5347,1.5,1.5,5.4177,200.38,665.52,0.286
0.2917,0.1837,0.8163,1.5,1.5,2.9692,156.46,444.23,0.296
0.081,0.5631,0.4369,1.5,1.5,2.4435,183.84,588.25,0.223
0.4702,0.2012,0.7988,1.5,1.5,1.5602,156.79,449.55,0.273
0.1168,0.5525,0.4475,1.5,1.5,3.9964,144.8,525.06,0.235
0.1535,0.1821,0.8179,1.5,1.5,0.959,169.79,464.77,0.214
0.2819,0.2392,0.7608,1.5,1.5,2.8836,175.42,362.44,0.223
0.3053,0.4107,0.5893,1.5,1.5,2.012,186.91,528.98,0.256
0.6565,0.2326,0.7674,1.5,1.5,3.6051,238.21,615.97,0.235
0.1141,0.4819,0.5181,1.5,1.5,2.4868,247.5,699.02,0.204
0.2119,0.1584,0.8416,1.5,1.5,0.6403,155.04,470.49,0.282
0.1929,0.3687,0.6313,1.5,1.5,2.2416,120.25,371.02,0.187
0.1815,0.5587,0.4413,1.5,1.5,2.4321,250.6,677.34,0.26
0.1988,0.2507,0.7493,1.5,1.5,1.6841,131.96,331.23,0.201
0.4444,0.2925,0.7075,1.5,1.5,4.3846,283.4,625.33,0.299
0.2581,0.2762,0.7238,1.5,1.5,0.9838,149.5,447.1,0.286
0.1632,0.193,0.807,1.5,1.5,0.4089,195.81,488.82,0.282
0.1684,0.2178,0.7822,1.5,1.5,0.7407,130.9,643.54,0.254
0.1802,0.2014,0.7986,1.5,1.5,1.9456,261.1,685.53,0.186
0.3033,0.1438,0.8562,1.5,1.5,2.072,203.35,447.33,0.282
0.1785,0.3712,0.6288,1.5,1.5,1.6804,265.93,653.2,0.227
0.9709,0.1767,0.8233,1.5,1.5,6.7397,180.15,553.21,0.243
0.6342,0.1634,0.8366,1.5,1.5,3.2011,146.45,350.84,0.209
0.1555,0.1831,0.8169,1.5,1.5,1.7783,135.13,473.45,0.168
0.1476,0.1737,0.8263,1.5,1.5,1.5837,156.05,402.88,0.259
0.305,0.1439,0.8561,1.5,1.5,2.3324,168.76,645.99,0.244
0.2965,0.1507,0.8493,1.5,1.5,0.8627,139.33,336.03,0.266
0.1242,0.3922,0.6078,1.5,1.5,1.2646,159.06,363.29,0.272
0.096,0.4252,0.5748,1.5,1.5,1.3289,200.35,553.0,0.294
0.4112,0.2377,0.7623,1.5,1.5,1.2711,127.27,435.59,0.234
0.2667,0.2959,0.7041,1.5,1.5,3.0599,150.51,516.25,0.221
0.0947,0.4909,0.5091,1.5,1.5,3.6565,192.29,503.32,0.266
0.264,0.1918,0.8082,1.5,1.5,1.5521,224.9,630.31,0.196
0.2935,0.3361,0.6639,1.5,1.5,3.6757,153.04,399.5,0.274
0.2346,0.2153,0.7847,1.5,1.5,1.5495,173.76,598.15,0.194
1.1235,0.1833,0.8167,1.5,1.5,7.801,132.99,691.81,0.251
0.2304,0.2036,0.7964,1.5,1.5,1.148,259.37,611.98,0.287
0.2143,0.254,0.746,1.5,1.5,2.6722,139.08,669.91,0.247
0.152,0.1684,0.8316,1.5,1.5,1.9202,142.94,396.05,0.291
0.3077,0.2501,0.7499,1.5,1.5,0.7168,127.35,699.82,0.213
0.2116,0.1675,0.8325,1.5,1.5,1.5471,149.43,464.36,0.248
1.0065,0.3186,0.6814,1.5,1.5,4.7254,220.24,637.35,0.258
0.1367,0.2715,0.7285,1.5,1.5,2.3811,179.29,574.47,0.282
0.2651,0.245,0.755,1.5,1.5,2.5904,190.36,486.19,0.214
0.1676,0.1911,0.8089,1.5,1.5,1.0004,182.0,521.0,0.285
0.4761,0.145,0.855,1.5,1.5,2.3681,210.89,549.23,0.262
0.2138,0.1567,0.8433,1.5,1.5,1.7364,253.72,541.8,0.231
0.6292,0.245,0.755,1.5,1.5,1.1784,205.58,509.36,0.257
0.1571,0.1784,0.8216,1.5,1.5,2.1091,255.92,676.31,0.193
0.2085,0.1757,0.8243,1.5,1.5,1.9692,144.91,326.28,0.259
0.5186,0.4212,0.5788,1.5,1.5,5.4379,172.01,515.86,0.179
0.3065,0.1456,0.8544,1.5,1.5,0.674,124.48,536.32,0.291
0.2371,0.5283,0.4717,1.5,1.5,4.5942,120.23,577.0,0.268
0.4983,0.2516,0.7484,1.5,1.5,4.4279,240.61,588.17,0.193
0.146,0.5886,0.4114,1.5,1.5,4.1636,226.41,505.71,0.209
0.2365,0.2527,0.7473,1.5,1.5,0.9622,179.86,530.58,0.224
0.232,0.1617,0.8383,1.5,1.5,1.6422,211.8,667.59,0.275
0.2204,0.2222,0.7778,1.5,1.5,1.2636,241.81,579.79,0.234
0.1337,0.4078,0.5922,1.5,1.5,2.5815,296.71,649.65,0.218
0.1067,0.4831,0.5169,1.5,1.5,2.6211,147.85,492.52,0.184
0.2571,0.2993,0.7007,1.5,1.5,2.741,210.3,500.47,0.223
0.1285,0.3814,0.6186,1.5,1.5,2.9019,262.64,671.83,0.242
0.1476,0.185,0.815,1.5,1.5,1.1473,212.4,673.34,0.216
0.5356,0.2169,0.7831,1.5,1.5,3.7906,138.61,521.21,0.227
0.1229,0.4191,0.5809,1.5,1.5,1.5133,147.87,414.29,0.214
0.2855,0.3482,0.6518,1.5,1.5,1.4163,171.44,670.33,0.19
0.1788,0.1714,0.8286,1.5,1.5,1.2935,136.47,460.65,0.233
0.1959,0.2328,0.7672,1.5,1.5,1.958,187.48,619.39,0.177
0.1593,0.3037,0.6963,1.5,1.5,2.4802,145.37,678.61,0.164
0.1771,0.1542,0.8458,1.5,1.5,0.7466,171.77,378.06,0.219
0.1706,0.4653,0.5347,1.5,1.5,2.7148,240.66,684.56,0.229
1.1795,0.1484,0.8516,1.5,1.5,6.4005,140.43,499.02,0.265
0.3068,0.1499,0.8501,1.5,1.5,0.9404,226.47,627.01,0.276
0.3891,0.4144,0.5856,1.5,1.5,3.6745,273.21,605.11,0.213
0.1742,0.1835,0.8165,1.5,1.5,1.2923,123.75,608.2,0.229
0.1893,0.3293,0.6707,1.5,1.5,0.714,138.28,698.77,0.28
0.1565,0.2091,0.7909,1.5,1.5,1.3566,122.48,408.92,0.247
0.1556,0.2019,0.7981,1.5,1.5,1.9809,219.04,640.24,0.164
0.1473,0.6057,0.3943,1.5,1.5,4.0551,148.73,389.45,0.246
0.625,0.3706,0.6294,1.5,1.5,3.6081,141.4,521.77,0.293
0.2298,0.21,0.79,1.5,1.5,1.8017,136.34,457.18,0.286
0.1291,0.2904,0.7096,1.5,1.5,2.0779,124.06,451.94,0.176
0.7457,0.2408,0.7592,1.5,1.5,5.1213,203.99,643.91,0.253
0.1561,0.2366,0.7634,1.5,1.5,1.618,170.26,694.73,0.292
0.3229,0.4921,0.5079,1.5,1.5,4.1891,272.74,668.71,0.181
0.4093,0.3213,0.6787,1.5,1.5,4.0508,156.55,671.77,0.294
0.1586,0.3154,0.6846,1.5,1.5,0.9327,231.12,625.3,0.266
0.5867,0.2303,0.7697,1.5,1.5,0.9289,221.92,596.54,0.248
0.4631,0.3674,0.6326,1.5,1.5,1.8337,243.22,644.03,0.272
0.1369,0.1935,0.8065,1.5,1.5,0.7048,136.45,420.97,0.296
0.1263,0.4371,0.5629,1.5,1.5,2.1678,202.14,424.67,0.289
0.5857,0.1877,0.8123,1.5,1.5,4.4081,138.03,469.09,0.254
1.0037,0.1779,0.8221,1.5,1.5,6.5335,166.54,528.34,0.22
0.1524,0.1458,0.8542,1.5,1.5,0.5943,266.54,577.46,0.239
0.153,0.215,0.785,1.5,1.5,1.7705,183.28,645.25,0.18
0.2592,0.2002,0.7998,1.5,1.5,2.548,227.96,453.74,0.23
0.275,0.5721,0.4279,1.5,1.5,1.69,218.86,529.71,0.276
0.1181,0.4715,0.5285,1.5,1.5,2.7378,206.16,644.43,0.197
0.1404,0.1606,0.8394,1.5,1.5,1.5995,235.53,639.15,0.288
0.3785,0.1545,0.8455,1.5,1.5,2.3174,201.11,574.18,0.241
0.1311,0.3212,0.6788,1.5,1.5,1.9973,148.56,398.54,0.232
0.6747,0.158,0.842,1.5,1.5,0.9376,168.87,665.43,0.244
0.3025,0.2595,0.7405,1.5,1.5,1.1673,280.67,622.87,0.253
0.3615,0.1783,0.8217,1.5,1.5,1.5067,205.85,669.62,0.279
0.1365,0.2627,0.7373,1.5,1.5,0.9174,124.94,534.81,0.271
0.2125,0.211,0.789,1.5,1.5,2.248,239.09,664.54,0.234
0.2397,0.2002,0.7998,1.5,1.5,2.4554,243.21,554.43,0.182
0.6892,0.5507,0.4493,1.5,1.5,6.1136,205.04,497.85,0.279
0.2607,0.1833,0.8167,1.5,1.5,2.5996,139.43,409.81,0.298
0.2428,0.15,0.85,1.5,1.5,1.2507,140.24,341.72,0.211
0.1765,0.2978,0.7022,1.5,1.5,1.5613,146.66,594.75,0.289
0.2749,0.3771,0.6229,1.5,1.5,1.9403,273.3,698.52,0.235
0.3592,0.2737,0.7263,1.5,1.5,3.1773,271.42,571.33,0.236
0.2339,0.2037,0.7963,1.5,1.5,2.6607,132.79,634.72,0.191
0.2355,0.1557,0.8443,1.5,1.5,2.3893,203.61,501.89,0.272
0.4011,0.2223,0.7777,1.5,1.5,3.7028,173.99,673.5,0.299
0.6212,0.1949,0.8051,1.5,1.5,4.1043,235.15,622.61,0.216
0.1189,0.3762,0.6238,1.5,1.5,1.5384,131.53,693.75,0.202
0.1167,0.3266,0.6734,1.5,1.5,1.9825,184.61,509.64,0.209
0.3853,0.2517,0.7483,1.5,1.5,2.5277,166.35,629.53,0.168
0.26,0.2172,0.7828,1.5,1.5,1.3299,232.47,646.86,0.238
0.2969,0.1586,0.8414,1.5,1.5,1.7811,235.65,643.08,0.267
0.1573,0.1528,0.8472,1.5,1.5,1.6489,174.68,600.72,0.251
0.1045,0.5305,0.4695,1.5,1.5,3.0489,149.41,516.01,0.262
0.1983,0.1542,0.8458,1.5,1.5,2.1153,187.22,479.82,0.277
0.2539,0.1475,0.8525,1.5,1.5,2.0634,190.21,455.23,0.275
0.2967,0.1725,0.8275,1.5,1.5,2.2629,171.14,360.8,0.204
0.4358,0.1867,0.8133,1.5,1.5,2.0501,223.47,593.42,0.227
0.1708,0.1544,0.8456,1.5,1.5,1.4398,290.24,600.89,0.289
0.2925,0.2171,0.7829,1.5,1.5,2.8061,240.29,490.55,0.292
0.1518,0.1573,0.8427,1.5,1.5,0.5357,194.04,510.75,0.215
0.1717,0.3257,0.6743,1.5,1.5,2.755,126.3,401.13,0.293
0.2017,0.222,0.778,1.5,1.5,2.6751,244.03,664.73,0.165
0.1716,0.2164,0.7836,1.5,1.5,2.5196,175.05,683.19,0.272
0.15,0.2926,0.7074,1.5,1.5,1.7514,213.86,514.7,0.224
0.3904,0.3161,0.6839,1.5,1.5,3.5032,194.72,460.3,0.244
0.1478,0.3846,0.6154,1.5,1.5,3.2666,162.28,441.52,0.283
0.8268,0.2054,0.7946,1.5,1.5,5.187,131.21,333.15,0.258
0.2503,0.4386,0.5614,1.5,1.5,3.3232,215.17,641.33,0.292
0.2055,0.1454,0.8546,1.5,1.5,0.954,148.03,470.36,0.272
0.1419,0.2906,0.7094,1.5,1.5,2.4724,286.07,693.5,0.292
0.1662,0.3727,0.6273,1.5,1.5,3.3856,137.01,516.88,0.287
0.2103,0.1821,0.8179,1.5,1.5,2.0214,123.31,339.56,0.24
0.5311,0.1683,0.8317,1.5,1.5,4.4768,214.57,476.74,0.222
0.1559,0.1972,0.8028,1.5,1.5,1.8659,162.82,540.31,0.212
0.1547,0.1638,0.8362,1.5,1.5,1.682,297.19,624.47,0.193
0.1546,0.1834,0.8166,1.5,1.5,1.269,156.88,457.29,0.189
1.1204,0.172,0.828,1.5,1.5,3.0088,254.85,698.01,0.296
0.3204,0.3634,0.6366,1.5,1.5,1.1111,202.67,589.28,0.206
0.231,0.166,0.834,1.5,1.5,1.0645,142.46,565.9,0.288
0.2604,0.1523,0.8477,1.5,1.5,0.8859,214.87,486.59,0.249
0.2039,0.3202,0.6798,1.5,1.5,3.3878,123.51,502.33,0.262
0.1401,0.2466,0.7534,1.5,1.5,1.7948,175.61,536.37,0.296
0.2067,0.2433,0.7567,1.5,1.5,2.7607,205.0,417.05,0.264
0.2759,0.1861,0.8139,1.5,1.5,0.6408,145.32,478.26,0.232
0.2412,0.1883,0.8117,1.5,1.5,2.1036,198.95,663.98,0.235
0.2534,0.1667,0.8333,1.5,1.5,1.6058,158.73,459.08,0.206
0.2772,0.2922,0.7078,1.5,1.5,2.9561,212.94,609.26,0.217
0.1903,0.1751,0.8249,1.5,1.5,1.9033,204.97,557.49,0.224
0.1503,0.6238,0.3762,1.5,1.5,4.3369,152.41,434.65,0.196
0.1445,0.2823,0.7177,1.5,1.5,2.64,189.86,593.76,0.28
0.4606,0.2018,0.7982,1.5,1.5,1.4062,172.29,530.98,0.212
0.194,0.2803,0.7197,1.5,1.5,1.0079,258.76,629.76,0.223
0.2807,0.2635,0.7365,1.5,1.5,2.3019,208.87,537.55,0.18
0.1498,0.1907,0.8093,1.5,1.5,1.2557,265.56,637.12,0.198
0.6183,0.2425,0.7575,1.5,1.5,4.7899,228.21,636.54,0.178
0.476,0.2027,0.7973,1.5,1.5,2.8777,226.26,531.16,0.288
0.5274,0.2015,0.7985,1.5,1.5,1.4454,162.56,441.64,0.222
0.1194,0.3409,0.6591,1.5,1.5,2.944,178.01,685.71,0.175
0.4342,0.1673,0.8327,1.5,1.5,1.7809,196.63,628.86,0.257
0.1407,0.2322,0.7678,1.5,1.5,1.552,207.61,407.34,0.244
0.193,0.1568,0.8432,1.5,1.5,1.821,230.2,691.85,0.223
0.2796,0.1912,0.8088,1.5,1.5,2.2168,187.46,636.29,0.278
0.1573,0.1504,0.8496,1.5,1.5,1.7496,196.55,558.19,0.25
0.1585,0.2798,0.7202,1.5,1.5,0.7206,141.04,684.9,0.264
0.861,0.1864,0.8136,1.5,1.5,6.7722,196.03,610.97,0.233
0.2074,0.2332,0.7668,1.5,1.5,1.2666,125.34,641.42,0.238
0.2818,0.1699,0.8301,1.5,1.5,0.827,292.98,650.7,0.275
0.4821,0.1857,0.8143,1.5,1.5,1.4077,261.35,614.18,0.23
0.1364,0.2151,0.7849,1.5,1.5,1.6301,176.3,501.21,0.26
0.1038,0.6075,0.3925,1.5,1.5,2.3928,194.73,495.47,0.264
0.1507,0.18,0.82,1.5,1.5,1.8732,127.73,345.67,0.283
0.4697,0.4871,0.5129,1.5,1.5,2.6647,217.45,660.35,0.21
0.1581,0.1915,0.8085,1.5,1.5,1.7525,163.51,394.61,0.269
0.1673,0.1599,0.8401,1.5,1.5,1.0347,193.71,691.14,0.198
0.1279,0.2456,0.7544,1.5,1.5,2.1105,237.61,671.38,0.259
0.2103,0.3517,0.6483,1.5,1.5,0.6346,144.88,340.7,0.289
0.3806,0.335,0.665,1.5,1.5,2.7023,177.7,519.64,0.25
0.0905,0.5741,0.4259,1.5,1.5,4.0477,247.94,665.95,0.252
1.1293,0.1926,0.8074,1.5,1.5,5.3085,125.96,601.34,0.211
0.2127,0.1545,0.8455,1.5,1.5,0.6913,194.22,628.14,0.267
0.1481,0.252,0.748,1.5,1.5,0.5618,196.05,531.19,0.226
0.3096,0.24,0.76,1.5,1.5,3.0622,160.37,622.68,0.216
0.6457,0.4602,0.5398,1.5,1.5,2.9019,263.13,675.55,0.245
0.7425,0.2389,0.7611,1.5,1.5,2.6332,209.88,686.26,0.192
0.2653,0.1584,0.8416,1.5,1.5,2.1864,120.61,415.14,0.236
0.1848,0.2098,0.7902,1.5,1.5,1.2506,123.8,689.82,0.269
0.3362,0.1934,0.8066,1.5,1.5,0.9274,164.39,589.53,0.284
0.1548,0.2072,0.7928,1.5,1.5,2.0331,153.61,626.62,0.169
0.6242,0.6024,0.3976,1.5,1.5,7.6047,246.91,606.86,0.247
0.2509,0.1998,0.8002,1.5,1.5,1.5604,219.43,457.05,0.238
0.1666,0.2462,0.7538,1.5,1.5,1.3092,128.44,547.55,0.265
0.3833,0.2725,0.7275,1.5,1.5,3.7839,229.36,497.24,0.237
0.1558,0.2301,0.7699,1.5,1.5,1.6971,152.68,567.7,0.24
0.1706,0.4329,0.5671,1.5,1.5,2.7786,193.68,479.03,0.243
0.5026,0.3014,0.6986,1.5,1.5,5.1938,215.66,482.56,0.196
0.3783,0.4442,0.5558,1.5,1.5,4.2996,262.96,580.27,0.199
0.1593,0.209,0.791,1.5,1.5,0.8568,159.54,529.51,0.275
0.1191,0.4127,0.5873,1.5,1.5,1.118,160.67,566.59,0.241
0.136,0.2768,0.7232,1.5,1.5,1.4039,199.84,687.89,0.241
0.3027,0.1559,0.8441,1.5,1.5,1.7072,125.59,676.94,0.186
1.0762,0.2478,0.7522,1.5,1.5,3.8288,166.11,619.88,0.189
0.264,0.253,0.747,1.5,1.5,1.7343,144.37,313.87,0.211
0.2838,0.2457,0.7543,1.5,1.5,2.5394,275.54,657.04,0.252
0.3982,0.1653,0.8347,1.5,1.5,0.7382,209.87,494.06,0.292
0.1522,0.1569,0.8431,1.5,1.5,1.5591,218.37,535.31,0.29
0.1218,0.3225,0.6775,1.5,1.5,1.0294,179.77,570.33,0.222
0.2018,0.1784,0.8216,1.5,1.5,2.3728,183.2,598.39,0.173
0.1357,0.2957,0.7043,1.5,1.5,1.3575,138.91,375.58,0.218
1.106,0.1705,0.8295,1.5,1.5,3.5104,158.36,444.07,0.284
0.1385,0.1985,0.8015,1.5,1.5,1.7685,253.4,525.11,0.242
0.5778,0.2962,0.7038,1.5,1.5,5.1874,244.87,631.27,0.211
0.2223,0.144,0.856,1.5,1.5,0.6304,194.98,475.07,0.287
0.1527,0.1596,0.8404,1.5,1.5,0.4401,196.25,699.98,0.259
0.9673,0.1478,0.8522,1.5,1.5,5.3581,200.78,499.18,0.262
0.1084,0.3842,0.6158,1.5,1.5,3.1872,153.35,321.64,0.298
0.1594,0.1642,0.8358,1.5,1.5,1.2572,263.21,533.34,0.227
0.2924,0.1673,0.8327,1.5,1.5,0.73,176.97,619.55,0.192
0.334,0.2311,0.7689,1.5,1.5,2.2705,234.59,550.45,0.277
0.1713,0.1996,0.8004,1.5,1.5,2.3887,184.36,528.43,0.256
0.5044,0.1495,0.8505,1.5,1.5,3.6516,202.32,670.68,0.191
0.1897,0.156,0.844,1.5,1.5,2.1546,161.28,496.04,0.176
0.2141,0.153,0.847,1.5,1.5,1.8003,263.87,603.92,0.187
0.1455,0.1668,0.8332,1.5,1.5,1.4671,139.67,676.74,0.179
0.1499,0.1698,0.8302,1.5,1.5,1.7579,274.46,583.68,0.258
0.1303,0.4864,0.5136,1.5,1.5,1.4838,161.03,542.41,0.21
0.853,0.263,0.737,1.5,1.5,1.5446,152.37,624.67,0.257
0.642,0.1603,0.8397,1.5,1.5,1.8532,220.15,634.84,0.24
0.1782,0.2637,0.7363,1.5,1.5,1.1004,137.82,449.7,0.199
0.1887,0.3631,0.6369,1.5,1.5,1.5136,262.81,604.28,0.215
0.2391,0.2382,0.7618,1.5,1.5,2.8584,163.18,669.08,0.241
0.2953,0.3279,0.6721,1.5,1.5,2.3675,141.2,580.02,0.193
0.3554,0.1649,0.8351,1.5,1.5,1.7798,177.42,656.89,0.237
0.2844,0.2492,0.7508,1.5,1.5,1.6621,188.68,512.5,0.226
0.2034,0.1957,0.8043,1.5,1.5,2.2556,194.87,463.77,0.166
0.3122,0.1749,0.8251,1.5,1.5,3.0658,236.65,617.18,0.204
0.1394,0.2085,0.7915,1.5,1.5,1.9167,190.6,435.9,0.17
0.2719,0.1884,0.8116,1.5,1.5,2.0295,243.95,588.06,0.295
0.1355,0.2033,0.7967,1.5,1.5,0.99,173.94,422.9,0.258
0.2272,0.3556,0.6444,1.5,1.5,2.7661,240.55,597.62,0.212
0.1058,0.5176,0.4824,1.5,1.5,1.5752,234.05,589.72,0.21
0.3824,0.2399,0.7601,1.5,1.5,1.2588,239.46,610.43,0.203
0.4139,0.1689,0.8311,1.5,1.5,1.9542,138.39,587.82,0.221
0.1233,0.3937,0.6063,1.5,1.5,1.5758,127.55,493.96,0.201
0.1672,0.1573,0.8427,1.5,1.5,1.4416,129.32,667.05,0.225
0.1355,0.1902,0.8098,1.5,1.5,0.6598,124.53,302.59,0.285
0.1159,0.3196,0.6804,1.5,1.5,0.5858,239.55,548.48,0.285
0.5899,0.2325,0.7675,1.5,1.5,2.8843,137.09,677.59,0.194
0.2303,0.1935,0.8065,1.5,1.5,2.2358,141.13,669.57,0.213
0.1684,0.3138,0.6862,1.5,1.5,2.5876,178.98,580.99,0.225
0.1363,0.1847,0.8153,1.5,1.5,0.8122,122.18,544.81,0.224
0.2845,0.1976,0.8024,1.5,1.5,1.2993,138.11,419.97,0.221
0.3717,0.1707,0.8293,1.5,1.5,2.4149,223.31,553.77,0.191
0.2778,0.1678,0.8322,1.5,1.5,1.4004,225.99,674.3,0.26
0.3342,0.1804,0.8196,1.5,1.5,3.138,288.82,647.16,0.25
0.5178,0.2792,0.7208,1.5,1.5,1.2003,261.84,690.22,0.253
0.1842,0.1455,0.8545,1.5,1.5,1.1273,191.77,540.29,0.229
0.298,0.161,0.839,1.5,1.5,2.1314,253.64,536.99,0.194
1.1922,0.2394,0.7606,1.5,1.5,9.1792,145.57,467.48,0.177
0.3399,0.2441,0.7559,1.5,1.5,2.11,200.13,611.53,0.3
0.0869,0.551,0.449,1.5,1.5,3.9652,163.95,671.78,0.242
0.1282,0.3171,0.6829,1.5,1.5,2.4228,132.91,363.54,0.228
0.3435,0.221,0.779,1.5,1.5,2.7643,203.86,516.56,0.213
0.1277,0.4195,0.5805,1.5,1.5,2.9414,209.65,685.95,0.176
0.1178,0.3181,0.6819,1.5,1.5,2.2698,180.31,378.6,0.227
0.451,0.2306,0.7694,1.5,1.5,2.0788,146.33,334.26,0.219
0.2626,0.3504,0.6496,1.5,1.5,1.9504,204.28,640.35,0.258
0.5604,0.1864,0.8136,1.5,1.5,0.9849,121.41,623.39,0.213
0.1502,0.1901,0.8099,1.5,1.5,1.5787,169.36,563.38,0.241
0.154,0.4083,0.5917,1.5,1.5,2.1003,126.61,529.94,0.266
0.1065,0.3931,0.6069,1.5,1.5,1.8314,217.7,517.54,0.204
0.2175,0.174,0.826,1.5,1.5,0.9146,263.25,583.98,0.269
0.3715,0.2864,0.7136,1.5,1.5,2.9248,152.04,357.92,0.272
0.3222,0.2412,0.7588,1.5,1.5,3.5788,213.74,567.36,0.199
0.1358,0.2126,0.7874,1.5,1.5,1.2811,168.14,590.93,0.241
0.2127,0.5089,0.4911,1.5,1.5,3.2529,125.02,576.24,0.297
0.3775,0.1774,0.8226,1.5,1.5,2.5697,139.15,401.77,0.168
0.7152,0.2812,0.7188,1.5,1.5,5.84,262.13,682.38,0.256
0.3775,0.1824,0.8176,1.5,1.5,2.5385,177.46,513.03,0.178
0.4191,0.2749,0.7251,1.5,1.5,1.633,167.45,509.85,0.227
0.2596,0.1628,0.8372,1.5,1.5,1.5789,133.41,609.36,0.169
0.1608,0.3069,0.6931,1.5,1.5,2.3612,154.38,666.62,0.184
0.3585,0.1597,0.8403,1.5,1.5,2.7303,159.37,652.53,0.183
0.2773,0.2662,0.7338,1.5,1.5,1.1794,193.12,434.05,0.233
0.1793,0.2317,0.7683,1.5,1.5,2.4948,275.96,671.45,0.219
0.4046,0.466,0.534,1.5,1.5,4.4441,225.71,550.48,0.22
0.2605,0.2977,0.7023,1.5,1.5,3.1918,287.53,596.37,0.217
0.9968,0.3142,0.6858,1.5,1.5,6.6613,203.3,583.09,0.284
0.3811,0.1531,0.8469,1.5,1.5,3.2109,142.33,424.43,0.254
0.1665,0.1651,0.8349,1.5,1.5,1.8953,169.89,675.36,0.245
0.33,0.1871,0.8129,1.5,1.5,1.5292,163.48,396.95,0.192
0.2547,0.1433,0.8567,1.5,1.5,0.9421,208.35,448.73,0.285
0.2311,0.1485,0.8515,1.5,1.5,2.0304,211.03,576.39,0.26
0.1643,0.2189,0.7811,1.5,1.5,0.7151,264.62,694.92,0.291
0.2781,0.1538,0.8462,1.5,1.5,1.8021,127.19,545.78,0.165
0.1401,0.2416,0.7584,1.5,1.5,1.4031,158.9,620.0,0.289
0.1889,0.161,0.839,1.5,1.5,2.1837,152.91,622.48,0.275
0.8995,0.1536,0.8464,1.5,1.5,1.647,154.71,694.8,0.29
0.1397,0.2086,0.7914,1.5,1.5,0.833,145.08,633.61,0.231
0.4506,0.2998,0.7002,1.5,1.5,4.1728,185.95,603.43,0.288
0.158,0.1584,0.8416,1.5,1.5,1.4757,160.35,463.98,0.244
0.1956,0.2874,0.7126,1.5,1.5,2.573,128.21,590.21,0.297
0.6023,0.1435,0.8565,1.5,1.5,1.5543,138.82,492.78,0.236
0.2847,0.1864,0.8136,1.5,1.5,2.8496,231.29,610.3,0.206
0.1393,0.2408,0.7592,1.5,1.5,1.11,271.44,625.94,0.255
0.2137,0.2897,0.7103,1.5,1.5,1.8726,226.34,610.51,0.276
0.1496,0.5476,0.4524,1.5,1.5,3.0804,211.09,640.8,0.253
0.0859,0.5058,0.4942,1.5,1.5,3.6371,125.55,676.84,0.242
0.3571,0.188,0.812,1.5,1.5,3.2455,155.32,696.09,0.289
0.186,0.3486,0.6514,1.5,1.5,2.6074,207.88,580.04,0.257
0.2578,0.1455,0.8545,1.5,1.5,0.8707,219.88,467.11,0.293
0.2231,0.3251,0.6749,1.5,1.5,2.3074,175.09,486.89,0.26
0.2046,0.1531,0.8469,1.5,1.5,1.1823,139.42,421.32,0.29
0.2285,0.1664,0.8336,1.5,1.5,1.2329,155.58,443.56,0.2
0.4094,0.2287,0.7713,1.5,1.5,1.2679,206.54,468.99,0.293
0.3524,0.192,0.808,1.5,1.5,3.5166,288.27,692.1,0.178
0.1742,0.2606,0.7394,1.5,1.5,0.9583,126.82,374.85,0.202
0.3722,0.155,0.845,1.5,1.5,0.987,241.55,651.62,0.258
0.3141,0.196,0.804,1.5,1.5,2.516,128.79,428.45,0.266
0.1824,0.2936,0.7064,1.5,1.5,1.6008,177.04,427.04,0.275
0.1614,0.1779,0.8221,1.5,1.5,1.9611,161.49,652.24,0.282
0.5228,0.151,0.849,1.5,1.5,3.4821,193.19,543.58,0.177
0.186,0.196,0.804,1.5,1.5,2.3186,221.3,605.81,0.173
0.3627,0.2354,0.7646,1.5,1.5,1.2698,149.79,581.2,0.299
0.3762,0.1994,0.8006,1.5,1.5,1.3315,147.75,453.96,0.227
0.2925,0.274,0.726,1.5,1.5,1.0571,194.95,431.9,0.283
1.1452,0.1468,0.8532,1.5,1.5,6.6811,221.28,597.49,0.288
1.299,0.2141,0.7859,1.5,1.5,3.642,190.91,549.77,0.229
0.1983,0.2711,0.7289,1.5,1.5,1.5974,133.27,532.27,0.169
0.1368,0.2743,0.7257,1.5,1.5,1.0821,192.95,623.4,0.257
0.2053,0.1975,0.8025,1.5,1.5,1.2924,196.39,561.27,0.297
0.2262,0.1866,0.8134,1.5,1.5,2.1699,147.33,581.58,0.253
0.7495,0.1561,0.8439,1.5,1.5,2.2295,195.12,506.17,0.242
0.4275,0.1492,0.8508,1.5,1.5,2.6848,133.41,636.75,0.241
0.1496,0.1502,0.8498,1.5,1.5,1.5916,234.57,567.88,0.298
0.1437,0.2422,0.7578,1.5,1.5,0.9009,291.45,628.29,0.285
0.3385,0.2974,0.7026,1.5,1.5,2.1204,167.02,513.07,0.289
0.1721,0.1675,0.8325,1.5,1.5,0.6913,127.41,580.43,0.264
0.1476,0.3471,0.6529,1.5,1.5,2.8819,137.12,344.09,0.225
0.1049,0.3953,0.6047,1.5,1.5,2.5484,136.67,646.25,0.19
0.3554,0.2305,0.7695,1.5,1.5,1.3165,161.77,404.76,0.292
0.2207,0.1998,0.8002,1.5,1.5,1.8713,163.76,536.0,0.284
0.3525,0.281,0.719,1.5,1.5,3.8165,206.68,545.03,0.193
0.159,0.24,0.76,1.5,1.5,2.2896,126.67,663.28,0.268
0.8169,0.152,0.848,1.5,1.5,2.9718,189.96,550.7,0.259
0.179,0.1506,0.8494,1.5,1.5,1.6151,121.94,388.79,0.186
0.0922,0.5721,0.4279,1.5,1.5,2.0972,126.66,412.25,0.232
0.1313,0.2219,0.7781,1.5,1.5,1.8554,187.77,568.04,0.183
0.1631,0.3169,0.6831,1.5,1.5,1.7711,122.22,385.7,0.185
0.1934,0.3685,0.6315,1.5,1.5,1.5771,242.03,508.95,0.294
0.6321,0.1732,0.8268,1.5,1.5,2.5061,140.74,456.6,0.246
0.1428,0.1637,0.8363,1.5,1.5,1.0135,125.79,659.09,0.298
0.1808,0.1523,0.8477,1.5,1.5,2.1615,158.6,650.68,0.177
0.1779,0.2002,0.7998,1.5,1.5,1.0442,217.5,612.45,0.221
0.3468,0.4305,0.5695,1.5,1.5,4.409,284.71,650.26,0.216
0.2137,0.2361,0.7639,1.5,1.5,2.2459,140.33,688.2,0.24
0.1318,0.3042,0.6958,1.5,1.5,1.8646,164.99,553.09,0.288
0.1254,0.3604,0.6396,1.5,1.5,0.8681,159.75,431.94,0.285
0.1657,0.276,0.724,1.5,1.5,2.8286,138.44,549.09,0.215
0.1807,0.4978,0.5022,1.5,1.5,4.3548,198.18,543.12,0.255
0.2763,0.1579,0.8421,1.5,1.5,2.6506,162.78,461.53,0.2
1.2277,0.2474,0.7526,1.5,1.5,9.2432,141.0,507.3,0.188
0.152,0.3839,0.6161,1.5,1.5,1.2577,227.64,608.85,0.198
0.2914,0.2674,0.7326,1.5,1.5,1.2757,255.29,688.71,0.235
0.1537,0.251,0.749,1.5,1.5,2.1342,137.04,672.61,0.248
0.1189,0.4307,0.5693,1.5,1.5,3.3843,265.14,554.24,0.287
0.1746,0.1668,0.8332,1.5,1.5,1.9758,162.76,468.78,0.286
0.2578,0.2672,0.7328,1.5,1.5,1.927,143.83,502.36,0.264
0.2725,0.5269,0.4731,1.5,1.5,3.6645,231.69,585.92,0.249
0.2749,0.4931,0.5069,1.5,1.5,4.5465,264.6,649.47,0.27
0.1394,0.271,0.729,1.5,1.5,1.6757,231.83,480.23,0.235
0.1849,0.2371,0.7629,1.5,1.5,2.3787,185.56,580.37,0.274
0.1556,0.1552,0.8448,1.5,1.5,1.8292,215.2,429.0,0.297
0.2403,0.1608,0.8392,1.5,1.5,2.5214,165.27,374.59,0.206
0.3648,0.2226,0.7774,1.5,1.5,2.5088,231.63,532.14,0.224
0.1865,0.2305,0.7695,1.5,1.5,1.7041,251.87,526.5,0.199
0.1975,0.1604,0.8396,1.5,1.5,0.8835,212.48,530.91,0.209
0.2895,0.1532,0.8468,1.5,1.5,1.7889,250.4,558.9,0.186
0.4129,0.1895,0.8105,1.5,1.5,3.8377,186.23,676.57,0.265
0.3827,0.2208,0.7792,1.5,1.5,1.8999,232.46,595.79,0.277
0.2381,0.186,0.814,1.5,1.5,2.1124,158.61,667.7,0.213
0.1664,0.2425,0.7575,1.5,1.5,1.7037,236.89,487.7,0.269
0.2937,0.3278,0.6722,1.5,1.5,2.4211,121.28,541.19,0.222
0.2399,0.2259,0.7741,1.5,1.5,2.2585,221.07,460.86,0.233
0.2131,0.3444,0.6556,1.5,1.5,1.4183,129.78,329.51,0.237
0.2991,0.1727,0.8273,1.5,1.5,2.4986,120.92,532.59,0.237
0.1808,0.1538,0.8462,1.5,1.5,1.0366,179.64,469.91,0.27
0.1512,0.3177,0.6823,1.5,1.5,1.7548,166.19,603.79,0.217
0.1693,0.45,0.55,1.5,1.5,1.7887,164.43,696.0,0.195
0.1855,0.1725,0.8275,1.5,1.5,1.6046,139.48,343.04,0.209
0.1517,0.438,0.562,1.5,1.5,1.6323,213.69,591.28,0.216
0.751,0.1641,0.8359,1.5,1.5,2.178,160.82,461.06,0.232
0.1881,0.3506,0.6494,1.5,1.5,0.6739,193.92,647.85,0.287
0.2275,0.2766,0.7234,1.5,1.5,1.2312,134.39,398.49,0.289
0.371,0.2247,0.7753,1.5,1.5,3.3636,177.41,465.24,0.209
0.1296,0.3184,0.6816,1.5,1.5,1.703,185.06,648.61,0.177
0.4605,0.2388,0.7612,1.5,1.5,3.9202,271.9,633.75,0.246
0.2086,0.2015,0.7985,1.5,1.5,1.3593,140.24,440.91,0.226
0.173,0.1729,0.8271,1.5,1.5,1.4709,141.76,556.16,0.174
0.4141,0.2207,0.7793,1.5,1.5,1.8542,147.36,497.83,0.226
0.1523,0.1938,0.8062,1.5,1.5,1.7162,136.11,282.8,0.19
0.3863,0.2041,0.7959,1.5,1.5,3.4501,147.79,505.63,0.215
0.1429,0.1657,0.8343,1.5,1.5,0.5372,208.19,630.7,0.21
0.1342,0.3894,0.6106,1.5,1.5,2.8118,260.53,604.62,0.273
0.1391,0.2144,0.7856,1.5,1.5,1.4287,159.32,466.79,0.256
0.1535,0.177,0.823,1.5,1.5,2.0432,151.59,345.03,0.241
0.4154,0.1866,0.8134,1.5,1.5,3.5153,212.22,554.87,0.288
0.2486,0.3391,0.6609,1.5,1.5,3.704,239.82,560.21,0.208
0.4944,0.1866,0.8134,1.5,1.5,4.3841,148.97,682.5,0.21
0.1484,0.2001,0.7999,1.5,1.5,2.0066,201.96,590.71,0.253
0.1183,0.4847,0.5153,1.5,1.5,2.4995,127.11,535.28,0.181
0.1967,0.1736,0.8264,1.5,1.5,2.2826,123.24,356.71,0.183
0.1675,0.4446,0.5554,1.5,1.5,1.6822,221.58,495.97,0.25
0.3967,0.203,0.797,1.5,1.5,0.8774,224.37,656.49,0.203
0.1104,0.5362,0.4638,1.5,1.5,2.7475,200.66,480.06,0.204
0.1831,0.2514,0.7486,1.5,1.5,0.6874,289.62,649.19,0.274
0.1482,0.6139,0.3861,1.5,1.5,1.1202,190.28,548.73,0.272
0.1612,0.1855,0.8145,1.5,1.5,1.2904,181.01,393.64,0.281
0.2014,0.1525,0.8475,1.5,1.5,2.0541,163.43,504.68,0.192
0.433,0.2855,0.7145,1.5,1.5,3.7399,142.03,363.09,0.226
0.0761,0.5682,0.4318,1.5,1.5,1.7996,233.5,660.94,0.231
0.1789,0.2948,0.7052,1.5,1.5,1.1483,182.31,554.3,0.208
0.2579,0.1963,0.8037,1.5,1.5,2.4466,127.89,531.49,0.254
0.2256,0.2155,0.7845,1.5,1.5,0.9466,208.34,634.88,0.226
0.158,0.2136,0.7864,1.5,1.5,1.4435,249.0,637.58,0.187
0.2679,0.3067,0.6933,1.5,1.5,1.1715,173.83,410.66,0.297
0.2409,0.1705,0.8295,1.5,1.5,2.3884,147.82,442.86,0.214
0.2783,0.2327,0.7673,1.5,1.5,0.8314,241.2,569.19,0.264
0.3074,0.3247,0.6753,1.5,1.5,1.5157,216.18,612.69,0.265
0.1571,0.1459,0.8541,1.5,1.5,0.6651,144.01,297.83,0.244
0.1467,0.4591,0.5409,1.5,1.5,2.1003,158.15,354.04,0.248
0.2724,0.1988,0.8012,1.5,1.5,1.8002,197.78,518.25,0.174
0.1895,0.246,0.754,1.5,1.5,2.4331,132.18,420.19,0.285
0.1956,0.2966,0.7034,1.5,1.5,0.8829,181.84,584.42,0.257
0.6538,0.182,0.818,1.5,1.5,3.2775,269.19,641.58,0.246
0.141,0.1788,0.8212,1.5,1.5,1.2838,161.34,353.91,0.287
0.2743,0.295,0.705,1.5,1.5,1.0356,170.67,452.22,0.295
0.1602,0.2464,0.7536,1.5,1.5,2.136,195.52,498.95,0.265
0.1325,0.5675,0.4325,1.5,1.5,4.3566,144.95,348.55,0.269
0.1486,0.3267,0.6733,1.5,1.5,3.0578,248.71,686.52,0.26
0.5271,0.2252,0.7748,1.5,1.5,4.7492,164.84,405.08,0.182
0.1464,0.4498,0.5502,1.5,1.5,2.7135,274.95,576.54,0.273
0.2527,0.4789,0.5211,1.5,1.5,1.7084,174.92,417.83,0.274
0.2507,0.1969,0.8031,1.5,1.5,0.9095,160.24,396.74,0.299
0.2684,0.2974,0.7026,1.5,1.5,1.3828,125.91,595.03,0.251
0.2264,0.1581,0.8419,1.5,1.5,1.3694,158.17,620.51,0.244
0.2719,0.3261,0.6739,1.5,1.5,2.5794,152.76,496.29,0.285
0.2215,0.1827,0.8173,1.5,1.5,1.7927,214.67,431.37,0.287
0.1446,0.2129,0.7871,1.5,1.5,2.1753,206.1,541.44,0.25
0.4482,0.1883,0.8117,1.5,1.5,2.8763,246.74,605.01,0.253
0.3252,0.1552,0.8448,1.5,1.5,0.8013,232.43,559.0,0.251
0.6452,0.2754,0.7246,1.5,1.5,3.956,194.89,632.45,0.239
0.4728,0.2411,0.7589,1.5,1.5,3.8303,295.8,634.95,0.241
0.161,0.283,0.717,1.5,1.5,1.2532,166.02,623.78,0.218
0.2277,0.2145,0.7855,1.5,1.5,1.3737,219.79,678.53,0.263
0.7904,0.1487,0.8513,1.5,1.5,4.4036,153.42,690.6,0.256
0.3538,0.1993,0.8007,1.5,1.5,3.4005,145.74,624.29,0.17
0.1755,0.2827,0.7173,1.5,1.5,2.2524,161.99,386.41,0.286
0.2453,0.1509,0.8491,1.5,1.5,1.1345,150.29,415.49,0.209
0.1775,0.159,0.841,1.5,1.5,1.7632,205.23,548.37,0.281
0.3546,0.2198,0.7802,1.5,1.5,1.5499,146.87,681.63,0.288
0.3271,0.2827,0.7173,1.5,1.5,1.0281,181.54,582.3,0.267
0.6227,0.3549,0.6451,1.5,1.5,4.1283,172.59,519.06,0.283
0.8864,0.3112,0.6888,1.5,1.5,2.1367,183.12,662.5,0.287
0.5137,0.6188,0.3812,1.5,1.5,5.4283,250.69,668.21,0.299
0.904,0.3383,0.6617,1.5,1.5,7.2101,248.43,617.94,0.228
0.1441,0.1622,0.8378,1.5,1.5,0.6455,252.25,678.64,0.24
0.6076,0.2417,0.7583,1.5,1.5,2.5683,120.86,695.01,0.246
0.1879,0.2235,0.7765,1.5,1.5,0.6931,202.93,508.35,0.227
0.2896,0.17,0.83,1.5,1.5,2.7153,147.67,297.96,0.276
0.2689,0.2383,0.7617,1.5,1.5,2.9896,234.24,486.21,0.294
0.6256,0.1573,0.8427,1.5,1.5,2.9007,167.74,445.11,0.217
0.8998,0.4196,0.5804,1.5,1.5,2.243,135.65,606.8,0.294
0.143,0.2723,0.7277,1.5,1.5,1.0869,137.2,536.61,0.178
0.268,0.3782,0.6218,1.5,1.5,3.856,135.5,419.91,0.217
0.1964,0.4946,0.5054,1.5,1.5,2.044,169.11,637.9,0.271
0.4766,0.1836,0.8164,1.5,1.5,1.7528,169.84,555.54,0.284
0.2777,0.5277,0.4723,1.5,1.5,4.3643,287.52,659.44,0.288
0.137,0.2913,0.7087,1.5,1.5,2.1131,235.7,657.58,0.182
0.208,0.4359,0.5641,1.5,1.5,2.4398,179.89,500.41,0.216
0.2651,0.1924,0.8076,1.5,1.5,1.4014,147.2,382.64,0.177
0.1407,0.1761,0.8239,1.5,1.5,1.3283,141.8,517.88,0.196
0.2969,0.3149,0.6851,1.5,1.5,1.4112,145.67,469.34,0.275
0.4494,0.2593,0.7407,1.5,1.5,1.7025,121.24,688.02,0.24
0.1408,0.2177,0.7823,1.5,1.5,1.4749,214.08,533.68,0.207
0.4893,0.5504,0.4496,1.5,1.5,5.352,284.66,634.77,0.252
0.1219,0.5754,0.4246,1.5,1.5,3.7554,136.51,457.7,0.251
0.1976,0.166,0.834,1.5,1.5,1.7987,124.35,535.03,0.277
0.1326,0.2054,0.7946,1.5,1.5,1.647,129.51,306.28,0.206
0.5733,0.2071,0.7929,1.5,1.5,3.664,129.09,530.12,0.272
0.1415,0.2011,0.7989,1.5,1.5,1.0322,126.2,416.34,0.281
0.3735,0.4214,0.5786,1.5,1.5,1.6455,211.04,493.78,0.298
0.2659,0.2865,0.7135,1.5,1.5,1.9552,147.04,625.94,0.207
0.148,0.1899,0.8101,1.5,1.5,1.9351,263.32,694.17,0.257
0.3657,0.1458,0.8542,1.5,1.5,0.8505,157.93,492.2,0.27
0.3959,0.3043,0.6957,1.5,1.5,0.9594,239.18,688.14,0.287
0.1426,0.3524,0.6476,1.5,1.5,2.3187,190.65,511.03,0.19
0.192,0.2406,0.7594,1.5,1.5,1.8415,278.8,629.41,0.284
0.4435,0.1591,0.8409,1.5,1.5,3.1626,238.47,656.32,0.227
0.1235,0.2626,0.7374,1.5,1.5,1.0551,194.32,650.51,0.181
0.2107,0.2298,0.7702,1.5,1.5,1.4501,169.8,489.83,0.18
0.1804,0.1498,0.8502,1.5,1.5,0.5319,120.02,506.18,0.235
0.2469,0.2489,0.7511,1.5,1.5,2.5415,204.0,616.07,0.246
0.3852,0.4172,0.5828,1.5,1.5,3.1165,155.69,552.79,0.289
0.2985,0.2031,0.7969,1.5,1.5,3.0063,161.23,496.32,0.186
0.151,0.2138,0.7862,1.5,1.5,2.0184,215.62,502.37,0.25
0.1596,0.3812,0.6188,1.5,1.5,0.7562,125.56,584.39,0.238
0.1252,0.3715,0.6285,1.5,1.5,1.9881,216.02,491.32,0.2
0.1264,0.2681,0.7319,1.5,1.5,1.2867,129.67,672.95,0.25
0.1593,0.2641,0.7359,1.5,1.5,0.7854,136.05,355.45,0.212
0.1958,0.2728,0.7272,1.5,1.5,1.2413,158.76,673.05,0.277
0.1947,0.1678,0.8322,1.5,1.5,1.4189,293.79,613.45,0.265
0.3431,0.1529,0.8471,1.5,1.5,2.9729,184.6,551.0,0.184
0.3806,0.2784,0.7216,1.5,1.5,1.3687,285.97,696.1,0.299
0.1635,0.2884,0.7116,1.5,1.5,0.9859,130.75,300.36,0.282
0.1428,0.5173,0.4827,1.5,1.5,3.8721,134.76,309.23,0.271
0.1541,0.1653,0.8347,1.5,1.5,1.0921,148.13,623.62,0.243
0.2067,0.4666,0.5334,1.5,1.5,3.4409,225.77,485.38,0.243
0.2892,0.502,0.498,1.5,1.5,4.7235,141.73,442.69,0.168
0.2689,0.312,0.688,1.5,1.5,3.06,142.9,431.22,0.272
0.0946,0.5459,0.4541,1.5,1.5,3.2779,228.64,515.51,0.254
0.0703,0.618,0.382,1.5,1.5,2.7232,182.24,448.78,0.294
0.5662,0.157,0.843,1.5,1.5,2.5057,121.04,510.79,0.207
0.2296,0.1458,0.8542,1.5,1.5,1.0097,176.39,627.77,0.247
0.2386,0.2894,0.7106,1.5,1.5,0.7767,126.18,582.18,0.274
0.333,0.2714,0.7286,1.5,1.5,2.947,130.51,393.16,0.201
0.2381,0.2355,0.7645,1.5,1.5,1.1498,156.71,357.46,0.209
0.13,0.2372,0.7628,1.5,1.5,0.8678,212.94,542.77,0.211
0.1641,0.1701,0.8299,1.5,1.5,0.7569,186.4,695.47,0.211
0.4082,0.1645,0.8355,1.5,1.5,2.1446,226.93,494.13,0.254
1.2202,0.1763,0.8237,1.5,1.5,5.3517,169.78,464.39,0.3
0.1667,0.2864,0.7136,1.5,1.5,2.1693,260.35,622.33,0.259
0.162,0.3888,0.6112,1.5,1.5,1.2911,167.2,445.45,0.205
0.6109,0.1704,0.8296,1.5,1.5,3.8776,200.02,481.73,0.229
0.1479,0.202,0.798,1.5,1.5,0.7929,277.33,647.28,0.235
0.1339,0.245,0.755,1.5,1.5,0.9863,156.11,364.5,0.222
0.1401,0.2169,0.7831,1.5,1.5,1.3029,205.96,636.83,0.279
0.5914,0.191,0.809,1.5,1.5,2.4708,258.34,676.41,0.195
0.1194,0.5488,0.4512,1.5,1.5,1.5683,221.79,503.5,0.267
0.1511,0.1992,0.8008,1.5,1.5,2.2699,198.82,485.47,0.269
0.2215,0.2344,0.7656,1.5,1.5,1.156,183.86,476.16,0.238
0.1887,0.1651,0.8349,1.5,1.5,1.0467,254.17,532.83,0.256
0.1483,0.1821,0.8179,1.5,1.5,0.809,186.83,628.3,0.193
0.0853,0.489,0.511,1.5,1.5,1.3875,190.94,645.09,0.246
0.287,0.3277,0.6723,1.5,1.5,2.172,253.07,686.79,0.18
0.3762,0.1437,0.8563,1.5,1.5,0.7242,198.96,572.95,0.265
0.1983,0.3233,0.6767,1.5,1.5,2.0114,121.51,377.0,0.23
0.4338,0.2264,0.7736,1.5,1.5,2.7264,139.15,339.85,0.289
0.3702,0.3776,0.6224,1.5,1.5,1.2863,213.45,599.03,0.214
0.1702,0.4671,0.5329,1.5,1.5,1.6072,259.09,585.08,0.265
0.7673,0.2211,0.7789,1.5,1.5,1.8257,165.73,429.15,0.242
0.1453,0.1829,0.8171,1.5,1.5,2.0028,123.03,599.3,0.199
0.1871,0.502,0.498,1.5,1.5,2.6002,222.16,647.17,0.2
0.107,0.382,0.618,1.5,1.5,2.1357,270.68,649.89,0.244
0.2901,0.1603,0.8397,1.5,1.5,2.0704,180.19,430.59,0.275
0.2188,0.3175,0.6825,1.5,1.5,2.2626,188.74,517.03,0.223
1.1178,0.1438,0.8562,1.5,1.5,4.7662,120.87,499.86,0.208
0.0773,0.6075,0.3925,1.5,1.5,4.3849,193.03,463.24,0.248
0.2813,0.1519,0.8481,1.5,1.5,0.7646,155.26,570.58,0.257
0.2793,0.1782,0.8218,1.5,1.5,1.7243,222.29,597.16,0.264
0.1802,0.218,0.782,1.5,1.5,2.3838,191.82,407.5,0.19
0.1846,0.2722,0.7278,1.5,1.5,1.4452,183.93,480.63,0.298
0.1116,0.4378,0.5622,1.5,1.5,3.5075,150.6,633.43,0.235
0.2734,0.1433,0.8567,1.5,1.5,1.1279,132.66,472.17,0.212
0.1672,0.1977,0.8023,1.5,1.5,2.1426,220.89,606.07,0.256
0.3612,0.3476,0.6524,1.5,1.5,2.7049,240.12,638.72,0.199
0.3237,0.1456,0.8544,1.5,1.5,2.9954,246.43,665.88,0.23
0.379,0.2981,0.7019,1.5,1.5,0.8355,217.31,500.67,0.287
0.1316,0.2334,0.7666,1.5,1.5,1.1587,149.94,576.7,0.238
0.1812,0.2018,0.7982,1.5,1.5,2.1618,182.47,483.7,0.24
0.1715,0.3365,0.6635,1.5,1.5,2.6082,160.31,384.52,0.256
0.2296,0.2535,0.7465,1.5,1.5,2.9721,123.63,336.99,0.259
0.2035,0.3271,0.6729,1.5,1.5,2.0741,163.13,589.51,0.255
0.5566,0.533,0.467,1.5,1.5,3.4933,173.36,411.57,0.196
0.5467,0.1761,0.8239,1.5,1.5,3.7651,133.46,649.23,0.176
0.3001,0.2042,0.7958,1.5,1.5,2.8011,122.45,319.34,0.188
0.2822,0.2025,0.7975,1.5,1.5,1.3892,159.56,337.71,0.248
0.2264,0.2291,0.7709,1.5,1.5,2.4704,177.95,580.98,0.163
0.1377,0.2313,0.7687,1.5,1.5,0.676,220.99,513.48,0.278
0.2214,0.1552,0.8448,1.5,1.5,1.9396,133.48,491.82,0.172
0.1525,0.32,0.68,1.5,1.5,3.0507,130.75,694.05,0.184
0.1252,0.2549,0.7451,1.5,1.5,0.4911,141.31,403.54,0.209
0.1689,0.3327,0.6673,1.5,1.5,2.3213,172.64,688.41,0.18
0.17,0.1603,0.8397,1.5,1.5,2.0722,169.6,536.47,0.22
0.4711,0.1562,0.8438,1.5,1.5,1.9027,262.12,699.28,0.26
0.4294,0.2198,0.7802,1.5,1.5,2.2125,130.45,416.02,0.186
0.1816,0.2098,0.7902,1.5,1.5,0.8697,186.97,622.44,0.198
0.1955,0.1883,0.8117,1.5,1.5,1.5802,181.55,608.73,0.299
0.1447,0.1892,0.8108,1.5,1.5,1.8453,122.7,570.25,0.298
0.256,0.2781,0.7219,1.5,1.5,2.6977,235.47,576.4,0.205
0.8373,0.1903,0.8097,1.5,1.5,2.3944,160.43,672.68,0.232
0.2235,0.2167,0.7833,1.5,1.5,1.7558,279.6,694.25,0.295
0.2846,0.1459,0.8541,1.5,1.5,0.7405,132.76,513.6,0.23
0.2916,0.2419,0.7581,1.5,1.5,2.3201,152.3,514.93,0.232
0.2128,0.1621,0.8379,1.5,1.5,1.7994,255.98,600.05,0.237
0.3608,0.1618,0.8382,1.5,1.5,1.8579,219.11,538.53,0.292
0.2609,0.49,0.51,1.5,1.5,3.0304,291.19,638.85,0.285
0.3489,0.1794,0.8206,1.5,1.5,2.6584,214.11,443.13,0.238
0.3315,0.1548,0.8452,1.5,1.5,2.9189,135.41,336.39,0.255
0.2054,0.2293,0.7707,1.5,1.5,1.8871,206.93,510.63,0.206
0.1543,0.1767,0.8233,1.5,1.5,1.2706,154.82,595.73,0.192
0.4524,0.4924,0.5076,1.5,1.5,6.077,153.0,611.38,0.179
0.7353,0.2375,0.7625,1.5,1.5,1.7394,121.94,304.36,0.286
0.1462,0.1527,0.8473,1.5,1.5,0.9596,139.73,474.75,0.182
0.1768,0.2772,0.7228,1.5,1.5,2.0059,254.77,526.34,0.282
0.2488,0.261,0.739,1.5,1.5,1.7498,153.98,411.89,0.197
0.1644,0.2177,0.7823,1.5,1.5,0.9516,178.71,632.95,0.291
0.2193,0.2155,0.7845,1.5,1.5,2.3883,167.99,645.92,0.271
0.6991,0.28,0.72,1.5,1.5,2.9126,183.31,447.76,0.213
0.3714,0.597,0.403,1.5,1.5,5.5491,213.59,689.99,0.179
0.3142,0.1979,0.8021,1.5,1.5,1.1982,145.26,627.18,0.269
0.5401,0.4264,0.5736,1.5,1.5,4.9031,252.83,668.62,0.265
0.1376,0.2216,0.7784,1.5,1.5,1.5511,177.86,492.13,0.265
1.0923,0.2911,0.7089,1.5,1.5,3.5401,228.24,634.44,0.209
0.3906,0.2329,0.7671,1.5,1.5,3.9042,146.72,597.77,0.216
0.5061,0.5005,0.4995,1.5,1.5,3.5945,145.54,578.31,0.199
0.4159,0.2149,0.7851,1.5,1.5,1.2324,215.55,611.04,0.296
0.5567,0.5797,0.4203,1.5,1.5,3.1932,141.5,471.65,0.191
0.2639,0.1814,0.8186,1.5,1.5,0.9222,143.55,497.53,0.21
0.1642,0.263,0.737,1.5,1.5,2.7568,120.52,477.56,0.212
0.1162,0.4327,0.5673,1.5,1.5,1.3202,265.64,633.7,0.232
0.164,0.2665,0.7335,1.5,1.5,0.7551,193.58,698.56,0.216
0.9294,0.289,0.711,1.5,1.5,2.8962,150.24,547.05,0.208
0.1425,0.3348,0.6652,1.5,1.5,1.3813,192.06,467.65,0.267
0.1963,0.1631,0.8369,1.5,1.5,1.7098,228.96,541.11,0.204
0.8161,0.321,0.679,1.5,1.5,6.6338,223.85,677.01,0.275
0.2515,0.3628,0.6372,1.5,1.5,3.6783,168.03,539.56,0.241
0.2498,0.2939,0.7061,1.5,1.5,1.944,226.29,658.6,0.185
0.1061,0.478,0.522,1.5,1.5,2.5158,135.23,398.32,0.27
0.1586,0.2357,0.7643,1.5,1.5,2.5227,208.69,475.88,0.268
0.1826,0.1512,0.8488,1.5,1.5,2.0394,141.29,308.46,0.291
0.327,0.1461,0.8539,1.5,1.5,1.63,259.21,532.27,0.29
0.3944,0.2103,0.7897,1.5,1.5,1.521,278.38,674.65,0.223
0.1708,0.1652,0.8348,1.5,1.5,1.0853,246.03,614.64,0.208
0.1459,0.4119,0.5881,1.5,1.5,3.6112,128.37,649.12,0.295
0.1166,0.5333,0.4667,1.5,1.5,1.4643,275.58,664.25,0.261
0.1047,0.4502,0.5498,1.5,1.5,2.1797,167.66,407.25,0.268
0.1249,0.4769,0.5231,1.5,1.5,1.5224,207.84,530.71,0.28
0.4082,0.1856,0.8144,1.5,1.5,1.6003,170.21,450.86,0.201
0.3252,0.35,0.65,1.5,1.5,2.8242,254.08,655.83,0.288
0.3077,0.2342,0.7658,1.5,1.5,2.064,214.25,552.23,0.26
0.3236,0.144,0.856,1.5,1.5,2.0216,176.08,662.67,0.26
0.2373,0.1996,0.8004,1.5,1.5,1.545,162.23,628.41,0.189
0.1398,0.1763,0.8237,1.5,1.5,1.1467,162.64,366.02,0.268
0.1989,0.1564,0.8436,1.5,1.5,2.0618,159.81,371.32,0.241
0.5311,0.2065,0.7935,1.5,1.5,3.5296,167.08,453.31,0.267
1.0444,0.1676,0.8324,1.5,1.5,6.6091,224.95,694.64,0.3
0.1221,0.4919,0.5081,1.5,1.5,3.5784,150.12,533.74,0.203
0.1909,0.1449,0.8551,1.5,1.5,0.8031,133.51,651.44,0.233
0.1385,0.485,0.515,1.5,1.5,3.7877,153.45,546.02,0.245
0.1244,0.2894,0.7106,1.5,1.5,2.5466,218.95,538.78,0.245
0.095,0.579,0.421,1.5,1.5,4.0145,271.25,645.95,0.277
0.8699,0.1736,0.8264,1.5,1.5,4.2042,134.03,478.18,0.228
0.1268,0.2738,0.7262,1.5,1.5,0.6903,154.89,416.27,0.215
0.1603,0.226,0.774,1.5,1.5,2.2835,279.95,581.68,0.184
0.7099,0.158,0.842,1.5,1.5,3.8337,128.14,318.1,0.199
0.1997,0.3326,0.6674,1.5,1.5,2.2747,243.26,580.51,0.203
0.5768,0.3257,0.6743,1.5,1.5,5.7671,159.62,668.09,0.27
0.168,0.2467,0.7533,1.5,1.5,1.2435,127.62,292.98,0.236
0.3383,0.2232,0.7768,1.5,1.5,2.264,270.09,668.86,0.259
0.1488,0.1797,0.8203,1.5,1.5,0.6475,265.82,662.31,0.23
0.2148,0.1565,0.8435,1.5,1.5,0.7949,143.76,675.11,0.254
0.3751,0.2735,0.7265,1.5,1.5,2.6708,229.66,638.78,0.256
0.3034,0.4724,0.5276,1.5,1.5,3.3506,202.62,669.13,0.291
0.2824,0.198,0.802,1.5,1.5,1.8893,245.34,689.09,0.233
0.1283,0.2828,0.7172,1.5,1.5,2.5722,122.51,420.86,0.164
0.221,0.5461,0.4539,1.5,1.5,1.4989,198.42,626.1,0.198
0.1202,0.3172,0.6828,1.5,1.5,2.1036,289.99,636.35,0.235
0.2264,0.2284,0.7716,1.5,1.5,2.6455,261.31,539.43,0.24
0.4221,0.2048,0.7952,1.5,1.5,1.2757,122.05,528.86,0.19
0.2354,0.2056,0.7944,1.5,1.5,2.7814,162.99,457.47,0.18
0.215,0.1669,0.8331,1.5,1.5,1.8957,230.74,631.41,0.278
0.1555,0.1513,0.8487,1.5,1.5,0.568,181.11,489.74,0.262
0.1194,0.3301,0.6699,1.5,1.5,1.6307,184.95,386.9,0.273
0.2815,0.4719,0.5281,1.5,1.5,1.8647,203.09,678.34,0.205
0.2402,0.2746,0.7254,1.5,1.5,1.0579,248.04,575.41,0.261
0.1468,0.3321,0.6679,1.5,1.5,1.9956,160.13,403.47,0.248
0.0775,0.5774,0.4226,1.5,1.5,3.6505,135.28,666.27,0.242
0.4101,0.5841,0.4159,1.5,1.5,4.3002,131.1,524.05,0.226
0.1814,0.5094,0.4906,1.5,1.5,1.9109,143.6,586.77,0.239
0.452,0.1743,0.8257,1.5,1.5,3.4537,291.12,620.37,0.222
0.1728,0.1778,0.8222,1.5,1.5,1.782,225.91,555.31,0.294
0.2071,0.3065,0.6935,1.5,1.5,2.7403,127.01,322.23,0.198
0.1975,0.1465,0.8535,1.5,1.5,1.9805,279.82,562.04,0.191
0.1675,0.5945,0.4055,1.5,1.5,4.7016,134.01,288.38,0.218
0.3118,0.1446,0.8554,1.5,1.5,1.2009,147.03,470.55,0.245
0.2818,0.1517,0.8483,1.5,1.5,1.1159,132.24,434.78,0.229
0.204,0.1564,0.8436,1.5,1.5,1.6125,290.55,677.04,0.23
0.1383,0.2679,0.7321,1.5,1.5,1.9247,212.88,663.35,0.255
0.134,0.4039,0.5961,1.5,1.5,2.693,223.33,671.67,0.299
0.3881,0.2122,0.7878,1.5,1.5,2.9961,228.08,579.4,0.268
0.106,0.404,0.596,1.5,1.5,2.9991,160.05,454.23,0.257
0.1477,0.1698,0.8302,1.5,1.5,0.6015,166.8,573.85,0.245
0.1156,0.3406,0.6594,1.5,1.5,0.5206,125.06,465.1,0.232
0.5386,0.4474,0.5526,1.5,1.5,3.5368,189.49,457.59,0.258
0.1078,0.4119,0.5881,1.5,1.5,1.754,277.53,664.17,0.222
0.1199,0.2848,0.7152,1.5,1.5,2.4569,279.7,681.7,0.267
0.1649,0.2501,0.7499,1.5,1.5,2.5279,251.38,686.79,0.299
0.1598,0.2575,0.7425,1.5,1.5,2.7071,277.35,584.86,0.205
0.2906,0.411,0.589,1.5,1.5,4.1555,228.46,495.59,0.248
0.1281,0.2372,0.7628,1.5,1.5,1.1155,158.34,342.9,0.286
0.1439,0.1708,0.8292,1.5,1.5,1.0186,204.57,634.45,0.258
0.3772,0.1713,0.8287,1.5,1.5,2.7359,218.69,573.11,0.173
0.0838,0.5838,0.4162,1.5,1.5,3.6648,242.43,545.4,0.246
0.2574,0.2047,0.7953,1.5,1.5,1.6911,173.09,616.47,0.296
0.5782,0.2015,0.7985,1.5,1.5,3.3636,135.37,372.29,0.231
0.1492,0.2711,0.7289,1.5,1.5,1.6315,123.91,684.87,0.218
0.2387,0.3099,0.6901,1.5,1.5,1.1537,204.18,576.5,0.195
0.1358,0.2227,0.7773,1.5,1.5,1.6191,193.84,530.32,0.298
0.1581,0.4421,0.5579,1.5,1.5,0.7526,219.36,583.06,0.254
0.2539,0.146,0.854,1.5,1.5,2.0376,124.18,294.75,0.236
0.148,0.3,0.7,1.5,1.5,2.6155,286.24,588.76,0.264
0.1667,0.2922,0.7078,1.5,1.5,2.2184,160.52,386.62,0.251
0.2172,0.1608,0.8392,1.5,1.5,0.9545,235.41,626.46,0.239
0.1591,0.5559,0.4441,1.5,1.5,2.6396,174.21,487.97,0.216
0.1077,0.5003,0.4997,1.5,1.5,3.7588,226.38,521.32,0.3
0.1575,0.157,0.843,1.5,1.5,1.2755,239.3,608.49,0.23
0.3063,0.1758,0.8242,1.5,1.5,0.5467,184.55,501.94,0.231
0.7897,0.3935,0.6065,1.5,1.5,2.2729,129.88,603.42,0.228
0.2411,0.1563,0.8437,1.5,1.5,0.9077,141.56,655.19,0.259
0.1828,0.2264,0.7736,1.5,1.5,1.6472,227.43,586.76,0.199
0.2114,0.1799,0.8201,1.5,1.5,2.0621,164.34,543.11,0.187
0.3822,0.3028,0.6972,1.5,1.5,1.031,121.85,651.73,0.236
0.178,0.5097,0.4903,1.5,1.5,3.4448,151.37,653.48,0.173
0.2606,0.1612,0.8388,1.5,1.5,1.8519,202.55,473.83,0.276
0.6616,0.2286,0.7714,1.5,1.5,4.3103,265.57,683.62,0.273
0.1609,0.1622,0.8378,1.5,1.5,0.5663,138.31,539.8,0.283
0.2004,0.1539,0.8461,1.5,1.5,2.0594,128.91,474.07,0.212
0.1642,0.2866,0.7134,1.5,1.5,2.2123,168.3,447.51,0.276
0.1087,0.3909,0.6091,1.5,1.5,2.8629,147.4,422.77,0.239
0.2377,0.2487,0.7513,1.5,1.5,1.1357,147.61,353.44,0.234
0.248,0.1739,0.8261,1.5,1.5,1.5053,236.5,495.63,0.223
0.1245,0.4246,0.5754,1.5,1.5,3.4823,264.51,618.6,0.25
0.2307,0.212,0.788,1.5,1.5,2.2118,141.38,604.91,0.243
0.2859,0.3079,0.6921,1.5,1.5,3.2562,152.06,392.99,0.201
0.2018,0.1931,0.8069,1.5,1.5,1.6038,242.54,601.14,0.212
0.2031,0.2695,0.7305,1.5,1.5,2.3054,130.33,516.19,0.186
0.1743,0.1885,0.8115,1.5,1.5,0.6602,182.25,454.78,0.205
0.1673,0.2084,0.7916,1.5,1.5,2.2394,258.41,629.22,0.291
0.4584,0.1899,0.8101,1.5,1.5,4.0621,167.86,616.8,0.203
0.2042,0.542,0.458,1.5,1.5,2.155,132.39,435.27,0.205
0.1432,0.2308,0.7692,1.5,1.5,1.9688,236.63,681.56,0.276
0.1813,0.2245,0.7755,1.5,1.5,1.3181,168.91,574.86,0.283
0.1615,0.2698,0.7302,1.5,1.5,0.9,235.87,585.72,0.213
0.5672,0.1679,0.8321,1.5,1.5,4.6261,140.81,366.9,0.252
0.1817,0.1685,0.8315,1.5,1.5,0.4273,190.54,634.42,0.262
0.1208,0.4943,0.5057,1.5,1.5,0.9129,164.69,578.62,0.203
0.1721,0.1879,0.8121,1.5,1.5,1.1769,206.94,685.59,0.179
0.126,0.353,0.647,1.5,1.5,0.5714,157.4,659.25,0.236
0.1064,0.387,0.613,1.5,1.5,3.1822,168.18,350.95,0.297
0.2132,0.1529,0.8471,1.5,1.5,1.7131,144.02,315.11,0.204
1.1186,0.2214,0.7786,1.5,1.5,3.7428,174.75,534.32,0.235
0.4256,0.5872,0.4128,1.5,1.5,3.6905,180.28,579.18,0.174
0.3481,0.3731,0.6269,1.5,1.5,0.9938,181.75,508.69,0.284
1.0577,0.2554,0.7446,1.5,1.5,8.0138,218.32,640.88,0.19
0.1852,0.2753,0.7247,1.5,1.5,0.5134,243.78,682.7,0.217
0.1921,0.1594,0.8406,1.5,1.5,0.8822,219.64,527.79,0.261
0.0966,0.6064,0.3936,1.5,1.5,4.4052,126.35,331.39,0.276
0.5385,0.1503,0.8497,1.5,1.5,1.423,124.78,549.22,0.255
0.1994,0.3535,0.6465,1.5,1.5,3.5822,134.63,298.08,0.248
0.1093,0.3864,0.6136,1.5,1.5,3.0552,131.88,620.85,0.282
0.26,0.1614,0.8386,1.5,1.5,2.0503,281.66,589.82,0.192
0.1997,0.4006,0.5994,1.5,1.5,2.756,131.7,466.86,0.175
0.2535,0.1905,0.8095,1.5,1.5,0.6585,230.08,600.29,0.248
0.1131,0.4252,0.5748,1.5,1.5,2.9326,171.52,544.77,0.176
0.2459,0.16,0.84,1.5,1.5,2.5573,166.93,680.29,0.253
0.1803,0.4337,0.5663,1.5,1.5,1.584,162.91,679.8,0.252
0.1017,0.4333,0.5667,1.5,1.5,1.5563,262.29,674.43,0.245
0.1365,0.2009,0.7991,1.5,1.5,1.9345,208.96,454.87,0.248
0.1014,0.3997,0.6003,1.5,1.5,2.8524,201.48,691.11,0.299
0.1356,0.4019,0.5981,1.5,1.5,1.4642,210.77,645.79,0.19
0.2608,0.3318,0.6682,1.5,1.5,2.4285,145.68,304.17,0.25
0.1635,0.374,0.626,1.5,1.5,0.7552,130.49,505.95,0.248
0.1417,0.2274,0.7726,1.5,1.5,1.7667,210.82,525.16,0.244
0.156,0.2146,0.7854,1.5,1.5,0.6415,133.58,334.28,0.217
0.2837,0.1488,0.8512,1.5,1.5,2.5227,212.24,590.58,0.267
0.1694,0.3722,0.6278,1.5,1.5,2.927,248.76,581.41,0.253
0.2001,0.4693,0.5307,1.5,1.5,3.6243,184.79,495.15,0.273
0.2024,0.2048,0.7952,1.5,1.5,2.0396,133.21,572.41,0.217
0.2394,0.1541,0.8459,1.5,1.5,1.703,181.25,540.08,0.201
0.2355,0.2643,0.7357,1.5,1.5,1.6894,275.15,602.57,0.297
0.093,0.6064,0.3936,1.5,1.5,4.457,189.71,615.09,0.205
0.1607,0.2943,0.7057,1.5,1.5,1.9251,195.66,644.17,0.198
0.1394,0.2278,0.7722,1.5,1.5,0.5266,152.16,526.69,0.274
0.2346,0.1976,0.8024,1.5,1.5,2.7841,261.43,559.8,0.199
0.2962,0.498,0.502,1.5,1.5,5.1565,240.75,533.55,0.287
0.1612,0.1822,0.8178,1.5,1.5,1.4041,155.04,632.01,0.205
0.138,0.3156,0.6844,1.5,1.5,2.4546,131.41,696.83,0.3
0.1067,0.4024,0.5976,1.5,1.5,2.9107,256.05,597.04,0.276
0.5924,0.199,0.801,1.5,1.5,0.9292,122.94,474.67,0.252
0.1463,0.367,0.633,1.5,1.5,0.9197,121.35,469.58,0.198
0.2703,0.412,0.588,1.5,1.5,2.1788,249.65,557.6,0.239
0.5764,0.2472,0.7528,1.5,1.5,4.7597,246.29,609.15,0.264
0.2525,0.1711,0.8289,1.5,1.5,0.6621,175.21,506.86,0.239
0.1297,0.2518,0.7482,1.5,1.5,2.3561,270.71,685.83,0.259
0.1905,0.2883,0.7117,1.5,1.5,0.5415,124.27,612.22,0.202
0.2015,0.3106,0.6894,1.5,1.5,3.2774,144.46,682.02,0.247
0.0874,0.5945,0.4055,1.5,1.5,4.0889,227.1,494.55,0.283
0.2625,0.2572,0.7428,1.5,1.5,0.9734,134.48,408.35,0.276
0.3842,0.1877,0.8123,1.5,1.5,0.6475,129.97,449.26,0.233
0.3972,0.3061,0.6939,1.5,1.5,2.8596,254.61,641.24,0.23
0.1538,0.2446,0.7554,1.5,1.5,0.9138,122.91,455.43,0.182
0.1493,0.1938,0.8062,1.5,1.5,1.7574,132.58,355.54,0.27
0.1896,0.243,0.757,1.5,1.5,0.603,214.89,545.5,0.221
0.8861,0.1432,0.8568,1.5,1.5,4.2868,242.15,605.32,0.242
0.3021,0.1514,0.8486,1.5,1.5,0.6399,234.3,535.84,0.279
0.2362,0.1476,0.8524,1.5,1.5,1.0204,168.17,567.3,0.259
0.1437,0.3852,0.6148,1.5,1.5,3.4155,120.83,429.22,0.281
0.1625,0.1581,0.8419,1.5,1.5,1.2989,224.76,679.84,0.191
0.1517,0.3279,0.6721,1.5,1.5,1.8263,238.68,603.59,0.223
1.0033,0.2807,0.7193,1.5,1.5,2.7052,169.16,640.1,0.198
0.36,0.155,0.845,1.5,1.5,0.5675,232.38,637.93,0.243
0.1472,0.2382,0.7618,1.5,1.5,0.8866,161.07,391.05,0.26
0.2675,0.2089,0.7911,1.5,1.5,2.2146,172.39,546.15,0.162
0.4587,0.2073,0.7927,1.5,1.5,2.2286,294.64,674.75,0.248
0.1952,0.1913,0.8087,1.5,1.5,1.3776,224.58,528.62,0.196
0.2147,0.1497,0.8503,1.5,1.5,0.8094,214.18,542.92,0.22
0.1268,0.3609,0.6391,1.5,1.5,1.3763,174.43,412.35,0.266
0.1633,0.3372,0.6628,1.5,1.5,0.7316,128.42,535.74,0.242
0.2823,0.2228,0.7772,1.5,1.5,2.2572,292.65,618.38,0.205
1.0123,0.2124,0.7876,1.5,1.5,7.3166,144.73,400.97,0.265
0.212,0.1658,0.8342,1.5,1.5,2.3207,177.88,653.55,0.195
0.1589,0.2201,0.7799,1.5,1.5,2.4566,177.4,647.91,0.285
0.2511,0.2144,0.7856,1.5,1.5,1.5331,132.44,341.91,0.184
0.4142,0.1844,0.8156,1.5,1.5,3.3001,241.46,566.76,0.18
0.1814,0.2614,0.7386,1.5,1.5,1.6248,206.91,457.49,0.296
0.1914,0.2026,0.7974,1.5,1.5,1.901,145.93,472.72,0.268
0.6383,0.1754,0.8246,1.5,1.5,3.3147,216.82,644.98,0.25
0.3924,0.1512,0.8488,1.5,1.5,2.1054,164.39,555.98,0.265
0.3032,0.2389,0.7611,1.5,1.5,3.3893,148.21,661.87,0.228
0.1238,0.3617,0.6383,1.5,1.5,1.6137,235.8,556.03,0.196
0.1822,0.4325,0.5675,1.5,1.5,2.7569,133.02,611.19,0.296
0.2673,0.4221,0.5779,1.5,1.5,4.2233,207.15,521.4,0.202
0.1528,0.3906,0.6094,1.5,1.5,3.0763,187.71,401.98,0.287
0.4415,0.1691,0.8309,1.5,1.5,1.4831,203.21,640.03,0.221
0.1514,0.1808,0.8192,1.5,1.5,0.4272,152.81,483.95,0.235
0.1717,0.2471,0.7529,1.5,1.5,2.3848,234.12,609.8,0.171
0.1228,0.3167,0.6833,1.5,1.5,1.0894,142.28,532.0,0.288
0.1505,0.1901,0.8099,1.5,1.5,1.1561,253.87,681.19,0.191
0.5748,0.2119,0.7881,1.5,1.5,3.0895,171.29,485.71,0.202
0.9458,0.2557,0.7443,1.5,1.5,2.4077,125.96,423.49,0.246
0.1264,0.4062,0.5938,1.5,1.5,2.7844,212.33,485.11,0.207
0.1849,0.3542,0.6458,1.5,1.5,2.0256,167.39,693.52,0.185
0.2909,0.2201,0.7799,1.5,1.5,3.0099,285.77,627.46,0.193
0.1674,0.5053,0.4947,1.5,1.5,1.8054,159.29,639.91,0.237
0.1481,0.2402,0.7598,1.5,1.5,1.7498,247.83,549.64,0.215
0.1509,0.3647,0.6353,1.5,1.5,1.3673,274.42,646.34,0.281
0.1577,0.5195,0.4805,1.5,1.5,2.7663,124.12,543.63,0.201
0.2293,0.2424,0.7576,1.5,1.5,2.4588,159.32,562.69,0.172
0.1811,0.4316,0.5684,1.5,1.5,3.3446,181.73,522.98,0.256
0.2111,0.2934,0.7066,1.5,1.5,1.7139,190.03,632.47,0.228
0.4046,0.2081,0.7919,1.5,1.5,1.2801,125.68,471.74,0.219
0.1069,0.5498,0.4502,1.5,1.5,1.0946,199.73,620.05,0.212
0.2475,0.266,0.734,1.5,1.5,1.79,179.32,665.01,0.234
0.2564,0.2177,0.7823,1.5,1.5,1.1122,234.78,621.57,0.25
0.3782,0.1567,0.8433,1.5,1.5,2.7646,282.31,643.82,0.239
0.2206,0.1633,0.8367,1.5,1.5,1.8982,168.38,513.92,0.27
0.46,0.2507,0.7493,1.5,1.5,1.4,167.57,604.95,0.228
0.1467,0.3144,0.6856,1.5,1.5,0.6488,160.25,639.16,0.232
0.4888,0.1431,0.8569,1.5,1.5,3.4623,174.48,560.41,0.222
0.9733,0.2623,0.7377,1.5,1.5,5.3251,262.25,640.96,0.235
0.5933,0.1652,0.8348,1.5,1.5,4.5822,125.5,671.61,0.292
0.2078,0.2127,0.7873,1.5,1.5,1.2792,127.76,677.3,0.194
0.1428,0.2129,0.7871,1.5,1.5,1.9822,225.23,605.94,0.285
0.1859,0.263,0.737,1.5,1.5,2.0725,136.27,587.23,0.278
0.1438,0.1843,0.8157,1.5,1.5,1.9531,244.42,521.96,0.197
0.4156,0.1442,0.8558,1.5,1.5,2.4465,171.13,495.07,0.233
0.1736,0.2685,0.7315,1.5,1.5,0.7502,177.74,575.24,0.258
0.1436,0.1479,0.8521,1.5,1.5,0.9088,297.26,691.57,0.212
0.1153,0.3316,0.6684,1.5,1.5,2.8636,171.35,346.68,0.288
0.1924,0.2063,0.7937,1.5,1.5,2.3915,205.39,697.4,0.171
0.0822,0.5764,0.4236,1.5,1.5,2.2741,135.99,567.54,0.234
0.1884,0.3942,0.6058,1.5,1.5,3.4772,139.35,306.19,0.283
0.1771,0.2226,0.7774,1.5,1.5,0.6023,202.4,588.84,0.206
0.3404,0.2388,0.7612,1.5,1.5,1.0334,212.6,655.7,0.247
0.2828,0.1711,0.8289,1.5,1.5,2.2549,124.61,419.21,0.272
0.1235,0.3339,0.6661,1.5,1.5,1.7577,131.75,368.23,0.227
0.8923,0.1755,0.8245,1.5,1.5,4.6856,165.63,437.34,0.293
0.4955,0.1582,0.8418,1.5,1.5,1.0184,176.22,688.88,0.204
0.1029,0.4509,0.5491,1.5,1.5,2.2581,185.98,540.02,0.222
0.1582,0.2055,0.7945,1.5,1.5,1.7625,237.21,644.52,0.217
0.5145,0.2617,0.7383,1.5,1.5,4.6642,243.8,555.35,0.221
0.2261,0.1878,0.8122,1.5,1.5,2.1123,274.37,596.96,0.264
0.136,0.4708,0.5292,1.5,1.5,3.2881,136.51,446.91,0.276
0.1986,0.225,0.775,1.5,1.5,1.8236,168.12,698.23,0.298
0.2133,0.2067,0.7933,1.5,1.5,1.3681,166.28,681.24,0.27
0.3368,0.2217,0.7783,1.5,1.5,2.6635,219.54,481.66,0.268
0.1399,0.4511,0.5489,1.5,1.5,0.7717,219.31,690.4,0.226
0.1907,0.2098,0.7902,1.5,1.5,1.1663,248.19,649.92,0.259
0.3619,0.1597,0.8403,1.5,1.5,3.1711,187.64,403.02,0.238
0.1886,0.2297,0.7703,1.5,1.5,2.6283,120.4,315.84,0.18
0.1839,0.148,0.852,1.5,1.5,0.6729,124.08,348.48,0.191
0.1806,0.1683,0.8317,1.5,1.5,1.907,207.7,644.6,0.203
0.1146,0.3452,0.6548,1.5,1.5,1.0589,148.6,594.72,0.229
0.1869,0.203,0.797,1.5,1.5,1.8154,189.54,384.33,0.254
0.2043,0.1579,0.8421,1.5,1.5,2.3316,154.21,495.1,0.159
0.1183,0.4189,0.5811,1.5,1.5,2.0518,146.6,383.12,0.202
0.2159,0.1978,0.8022,1.5,1.5,2.1399,185.79,564.47,0.211
0.5362,0.1715,0.8285,1.5,1.5,4.2055,286.05,620.68,0.262
0.2862,0.2378,0.7622,1.5,1.5,1.5353,284.48,679.62,0.27
0.1536,0.1777,0.8223,1.5,1.5,2.0453,268.58,552.54,0.255
0.1256,0.3691,0.6309,1.5,1.5,0.8782,267.15,681.93,0.225
0.3254,0.2717,0.7283,1.5,1.5,3.3918,153.58,597.3,0.259
0.6674,0.1691,0.8309,1.5,1.5,5.2314,245.39,625.0,0.242
0.2634,0.4537,0.5463,1.5,1.5,4.5408,243.49,685.03,0.27
0.3714,0.1797,0.8203,1.5,1.5,1.5098,188.8,624.73,0.251
0.2172,0.5467,0.4533,1.5,1.5,1.9419,130.4,688.95,0.255
0.2719,0.1872,0.8128,1.5,1.5,2.5499,133.5,659.71,0.175
0.0979,0.4148,0.5852,1.5,1.5,2.1019,148.65,494.46,0.257
0.2262,0.1852,0.8148,1.5,1.5,1.6407,267.1,681.88,0.263
0.3559,0.2927,0.7073,1.5,1.5,1.6743,178.07,529.34,0.248
0.1617,0.1734,0.8266,1.5,1.5,2.0632,175.26,376.1,0.23
0.163,0.1781,0.8219,1.5,1.5,0.5199,175.13,499.71,0.282
0.2707,0.1438,0.8562,1.5,1.5,1.0143,210.82,624.85,0.182
0.0884,0.5432,0.4568,1.5,1.5,2.8465,130.07,352.01,0.258
0.1376,0.3729,0.6271,1.5,1.5,1.1623,122.57,438.77,0.294
0.1452,0.1619,0.8381,1.5,1.5,1.2222,126.01,288.35,0.174
0.2128,0.2274,0.7726,1.5,1.5,2.495,198.77,600.07,0.229
0.2256,0.1806,0.8194,1.5,1.5,1.617,206.3,678.91,0.255
0.3142,0.262,0.738,1.5,1.5,3.1828,132.15,608.06,0.247
0.3803,0.3744,0.6256,1.5,1.5,1.9011,149.46,609.14,0.274
0.2101,0.1595,0.8405,1.5,1.5,2.3631,248.85,479.74,0.253
0.2192,0.3208,0.6792,1.5,1.5,3.499,287.94,607.23,0.196
0.8057,0.1467,0.8533,1.5,1.5,3.0193,264.81,659.0,0.278
0.4974,0.512,0.488,1.5,1.5,5.5712,255.23,687.11,0.225
0.8012,0.3406,0.6594,1.5,1.5,6.2001,217.04,684.29,0.258
0.2142,0.3179,0.6821,1.5,1.5,2.4963,239.18,665.35,0.176
0.1222,0.3054,0.6946,1.5,1.5,2.0081,263.37,614.11,0.269
0.3155,0.2317,0.7683,1.5,1.5,0.9599,150.92,504.78,0.242
0.1549,0.2612,0.7388,1.5,1.5,0.6412,214.97,515.3,0.226
0.7554,0.2779,0.7221,1.5,1.5,3.3126,161.75,383.05,0.239
0.1241,0.439,0.561,1.5,1.5,2.2395,126.47,639.83,0.259
0.1801,0.1604,0.8396,1.5,1.5,1.9218,158.47,601.51,0.218
0.1656,0.2114,0.7886,1.5,1.5,1.9192,182.45,392.22,0.26
0.2374,0.1656,0.8344,1.5,1.5,1.8469,261.74,630.91,0.176
0.5014,0.286,0.714,1.5,1.5,2.6748,250.63,662.18,0.245
0.9594,0.1845,0.8155,1.5,1.5,3.6331,243.03,659.16,0.271
0.4012,0.1715,0.8285,1.5,1.5,2.847,188.01,586.91,0.221
0.1221,0.3031,0.6969,1.5,1.5,2.3648,157.45,555.01,0.279
0.1634,0.1777,0.8223,1.5,1.5,1.1451,254.24,573.59,0.194
0.4134,0.1506,0.8494,1.5,1.5,1.6201,227.26,554.03,0.233
0.2721,0.2441,0.7559,1.5,1.5,2.3636,176.87,449.41,0.236
0.1126,0.435,0.565,1.5,1.5,1.503,243.4,638.02,0.292
0.1883,0.2051,0.7949,1.5,1.5,1.5763,160.18,363.73,0.18
0.1347,0.2032,0.7968,1.5,1.5,1.1677,170.84,606.51,0.232
0.253,0.149,0.851,1.5,1.5,1.9512,158.99,494.68,0.294
0.2422,0.1777,0.8223,1.5,1.5,2.2199,256.31,515.72,0.206
0.1431,0.2179,0.7821,1.5,1.5,1.5507,145.47,462.06,0.208
0.2113,0.1693,0.8307,1.5,1.5,1.458,228.69,515.84,0.219
0.1472,0.1819,0.8181,1.5,1.5,0.6038,168.22,399.73,0.271
0.1672,0.1508,0.8492,1.5,1.5,0.8257,245.44,579.27,0.222
0.6115,0.1659,0.8341,1.5,1.5,3.5769,154.26,523.53,0.254
1.1778,0.2792,0.7208,1.5,1.5,5.6298,190.24,628.7,0.292
0.2165,0.1635,0.8365,1.5,1.5,2.0218,168.17,517.72,0.28
0.1876,0.1539,0.8461,1.5,1.5,1.6865,159.91,375.14,0.24
0.2024,0.4686,0.5314,1.5,1.5,2.5349,163.88,616.15,0.273
0.2186,0.2958,0.7042,1.5,1.5,3.2501,191.76,407.82,0.218
0.5251,0.1678,0.8322,1.5,1.5,2.6993,183.65,457.36,0.229
0.1347,0.318,0.682,1.5,1.5,1.4045,178.98,573.53,0.255
0.2542,0.1867,0.8133,1.5,1.5,0.6239,202.53,625.45,0.24
0.0881,0.4864,0.5136,1.5,1.5,1.8474,255.37,650.1,0.209
0.4095,0.2141,0.7859,1.5,1.5,3.1869,195.54,596.65,0.273
0.1734,0.3012,0.6988,1.5,1.5,2.8754,296.99,631.89,0.196
0.1859,0.3006,0.6994,1.5,1.5,1.0687,181.21,583.6,0.263
0.1409,0.269,0.731,1.5,1.5,0.6635,235.18,568.13,0.256
0.3749,0.2531,0.7469,1.5,1.5,2.7075,174.68,491.26,0.234
0.1512,0.2758,0.7242,1.5,1.5,2.3142,168.32,529.69,0.24
0.1877,0.1807,0.8193,1.5,1.5,0.4922,123.43,322.02,0.295
0.33,0.196,0.804,1.5,1.5,3.1743,158.94,370.52,0.265
0.183,0.1601,0.8399,1.5,1.5,0.7009,222.68,550.33,0.293
0.1676,0.1614,0.8386,1.5,1.5,1.7901,189.77,494.42,0.193
0.1531,0.1714,0.8286,1.5,1.5,1.8184,154.06,401.23,0.248
0.1647,0.1881,0.8119,1.5,1.5,1.1872,253.57,654.18,0.179
0.377,0.186,0.814,1.5,1.5,1.5382,195.06,498.51,0.26
0.3195,0.2229,0.7771,1.5,1.5,1.8312,217.54,515.48,0.215
0.1812,0.1659,0.8341,1.5,1.5,1.1539,230.5,522.47,0.228
0.1243,0.4235,0.5765,1.5,1.5,1.3905,148.24,401.42,0.253
0.1933,0.4156,0.5844,1.5,1.5,2.1167,215.26,657.72,0.23
0.1507,0.2281,0.7719,1.5,1.5,1.0741,133.2,470.68,0.244
0.1543,0.1618,0.8382,1.5,1.5,0.9343,216.64,527.57,0.28
0.2285,0.1464,0.8536,1.5,1.5,1.117,230.98,659.72,0.176
0.165,0.4112,0.5888,1.5,1.5,3.7157,189.59,569.43,0.288
0.1853,0.1634,0.8366,1.5,1.5,1.1843,180.03,478.33,0.232
0.1879,0.2227,0.7773,1.5,1.5,1.9729,184.05,578.54,0.176
0.1673,0.1527,0.8473,1.5,1.5,0.4686,233.0,647.02,0.279
0.1988,0.2789,0.7211,1.5,1.5,1.7245,144.73,379.64,0.203
0.1951,0.1771,0.8229,1.5,1.5,1.3461,152.48,541.26,0.296
0.4362,0.2166,0.7834,1.5,1.5,1.8147,166.57,632.98,0.185
0.2932,0.1485,0.8515,1.5,1.5,2.8105,190.59,461.89,0.175
0.2091,0.338,0.662,1.5,1.5,2.4815,144.31,351.43,0.227
0.3815,0.2648,0.7352,1.5,1.5,2.9467,138.73,321.79,0.282
0.1292,0.3131,0.6869,1.5,1.5,2.5766,225.85,614.32,0.218
0.3261,0.155,0.845,1.5,1.5,2.6461,129.07,563.79,0.274
0.4156,0.1476,0.8524,1.5,1.5,2.4809,141.16,411.0,0.297
0.3372,0.1489,0.8511,1.5,1.5,1.0602,133.13,460.53,0.282
0.1294,0.2561,0.7439,1.5,1.5,1.5414,152.05,342.63,0.182
0.2028,0.2973,0.7027,1.5,1.5,0.9251,192.36,414.96,0.268
0.2386,0.2179,0.7821,1.5,1.5,2.8002,192.44,459.62,0.197
0.1271,0.3095,0.6905,1.5,1.5,2.8332,291.03,639.97,0.262
0.1413,0.2685,0.7315,1.5,1.5,1.0925,177.2,577.73,0.22
0.1523,0.2955,0.7045,1.5,1.5,0.8128,178.22,623.0,0.208
0.1611,0.3805,0.6195,1.5,1.5,1.3942,141.65,526.14,0.274
0.1305,0.3149,0.6851,1.5,1.5,1.7796,281.05,672.21,0.248
0.3288,0.2315,0.7685,1.5,1.5,2.9649,219.71,461.11,0.217
0.1701,0.1999,0.8001,1.5,1.5,1.3466,283.5,672.9,0.286
0.1729,0.2909,0.7091,1.5,1.5,1.6576,257.96,557.4,0.228
0.5074,0.1907,0.8093,1.5,1.5,3.3405,130.6,674.36,0.186
0.7571,0.2414,0.7586,1.5,1.5,6.1726,124.05,554.44,0.182
0.2208,0.2373,0.7627,1.5,1.5,2.3063,248.09,686.47,0.271
0.1427,0.1516,0.8484,1.5,1.5,1.7653,184.04,370.26,0.251
0.1379,0.2192,0.7808,1.5,1.5,2.2666,185.17,410.24,0.289
0.848,0.3046,0.6954,1.5,1.5,7.3631,289.92,653.82,0.298
0.2017,0.4486,0.5514,1.5,1.5,1.1979,138.95,406.47,0.247
0.1827,0.1485,0.8515,1.5,1.5,1.7018,170.05,625.6,0.296
0.2619,0.4429,0.5571,1.5,1.5,1.5738,130.71,362.66,0.209
0.1725,0.3121,0.6879,1.5,1.5,2.329,191.16,689.92,0.193
0.1182,0.307,0.693,1.5,1.5,2.133,129.42,577.29,0.191
0.1463,0.143,0.857,1.5,1.5,1.7519,189.9,433.22,0.24
0.5298,0.1629,0.8371,1.5,1.5,2.7778,216.45,634.26,0.255
0.2074,0.2398,0.7602,1.5,1.5,2.2254,121.58,586.04,0.194
0.1502,0.2252,0.7748,1.5,1.5,0.5837,147.12,333.84,0.259
0.2237,0.1471,0.8529,1.5,1.5,1.8627,172.47,636.87,0.27
0.585,0.5519,0.4481,1.5,1.5,6.2097,184.64,633.5,0.234
0.3085,0.3066,0.6934,1.5,1.5,3.8974,125.33,496.74,0.196
0.145,0.1686,0.8314,1.5,1.5,0.4361,134.68,325.47,0.242
0.1297,0.3837,0.6163,1.5,1.5,0.6669,182.31,460.39,0.29
0.2929,0.4708,0.5292,1.5,1.5,2.2078,241.38,649.75,0.241
0.7502,0.1462,0.8538,1.5,1.5,4.9888,238.85,694.92,0.251
0.4431,0.217,0.783,1.5,1.5,1.3757,239.8,551.58,0.281
0.1265,0.3587,0.6413,1.5,1.5,2.3013,154.88,453.98,0.293
0.1442,0.1671,0.8329,1.5,1.5,0.3772,157.99,448.56,0.288
0.3197,0.4272,0.5728,1.5,1.5,2.9925,206.1,537.47,0.282
0.3115,0.1585,0.8415,1.5,1.5,1.4525,172.42,471.5,0.285
0.2879,0.3065,0.6935,1.5,1.5,2.5284,150.95,499.4,0.269
0.2313,0.578,0.422,1.5,1.5,3.4382,273.28,647.81,0.204
0.1437,0.2726,0.7274,1.5,1.5,0.5123,209.14,654.52,0.284
0.7966,0.1493,0.8507,1.5,1.5,1.5682,213.09,698.84,0.245
0.2176,0.1778,0.8222,1.5,1.5,1.8431,130.93,447.68,0.26
0.1481,0.4087,0.5913,1.5,1.5,2.4503,150.28,512.11,0.256
0.2001,0.1753,0.8247,1.5,1.5,1.4257,177.55,640.37,0.29
0.8485,0.2228,0.7772,1.5,1.5,4.6429,146.15,661.19,0.267
0.213,0.1677,0.8323,1.5,1.5,0.4942,141.37,474.43,0.195
0.4371,0.2446,0.7554,1.5,1.5,2.5307,168.78,623.21,0.265
0.1283,0.4833,0.5167,1.5,1.5,2.9977,135.41,509.26,0.297
0.4054,0.1791,0.8209,1.5,1.5,2.1726,197.45,454.48,0.274
0.7036,0.314,0.686,1.5,1.5,3.935,185.34,686.61,0.27
0.1805,0.1956,0.8044,1.5,1.5,1.6332,243.51,483.4,0.235
0.672,0.2514,0.7486,1.5,1.5,1.9308,175.97,627.75,0.29
0.3226,0.256,0.744,1.5,1.5,2.465,168.7,611.21,0.163
0.2218,0.1873,0.8127,1.5,1.5,1.1603,218.45,555.78,0.229
0.4216,0.2546,0.7454,1.5,1.5,3.6428,125.73,674.03,0.211
0.5879,0.4297,0.5703,1.5,1.5,6.3847,164.58,619.17,0.173
0.1839,0.2187,0.7813,1.5,1.5,2.1837,196.4,468.57,0.296
0.0883,0.5061,0.4939,1.5,1.5,1.6257,210.54,495.03,0.238
0.1448,0.1467,0.8533,1.5,1.5,0.372,245.81,629.09,0.282
0.2477,0.4203,0.5797,1.5,1.5,2.8887,137.97,308.74,0.24
0.5521,0.152,0.848,1.5,1.5,4.3794,197.98,677.21,0.275
0.2054,0.4124,0.5876,1.5,1.5,1.1861,187.07,593.82,0.295
0.241,0.1954,0.8046,1.5,1.5,1.8579,157.13,670.57,0.259
0.145,0.1631,0.8369,1.5,1.5,0.6118,279.96,631.48,0.295
0.095,0.4388,0.5612,1.5,1.5,0.8653,136.2,602.62,0.294
0.1574,0.1631,0.8369,1.5,1.5,1.2361,137.26,476.8,0.267
0.4219,0.1575,0.8425,1.5,1.5,3.4965,139.28,629.14,0.17
0.1844,0.1451,0.8549,1.5,1.5,1.0204,216.06,590.53,0.185
0.1312,0.3151,0.6849,1.5,1.5,2.5796,240.79,503.52,0.299
0.2553,0.2356,0.7644,1.5,1.5,2.7973,166.49,434.58,0.165
0.6823,0.216,0.784,1.5,1.5,5.8176,216.15,581.89,0.232
0.2814,0.1769,0.8231,1.5,1.5,2.038,231.19,682.61,0.237
0.1313,0.2257,0.7743,1.5,1.5,1.7825,213.05,620.1,0.263
0.3552,0.1741,0.8259,1.5,1.5,1.0586,125.09,475.25,0.223
0.1694,0.1963,0.8037,1.5,1.5,2.2962,142.74,318.96,0.202
0.1389,0.2168,0.7832,1.5,1.5,1.0508,139.6,315.19,0.23
0.1788,0.1701,0.8299,1.5,1.5,2.0478,216.36,418.8,0.236
0.2188,0.3396,0.6604,1.5,1.5,2.7255,122.11,424.34,0.255
0.2782,0.1686,0.8314,1.5,1.5,2.6207,157.09,493.57,0.288
0.1372,0.2031,0.7969,1.5,1.5,0.4564,181.32,456.56,0.237
0.4677,0.1558,0.8442,1.5,1.5,1.7627,124.37,602.39,0.249
0.5963,0.1497,0.8503,1.5,1.5,3.3443,127.43,484.5,0.237
0.1828,0.3278,0.6722,1.5,1.5,1.1186,188.68,512.67,0.206
0.1445,0.1862,0.8138,1.5,1.5,1.4122,183.05,562.99,0.206
0.3988,0.4513,0.5487,1.5,1.5,5.4599,251.41,651.49,0.275
0.1386,0.3008,0.6992,1.5,1.5,2.4413,209.03,519.55,0.282
0.1881,0.2203,0.7797,1.5,1.5,0.8921,184.58,647.76,0.262
0.1887,0.3639,0.6361,1.5,1.5,2.3756,253.06,656.5,0.234
0.1362,0.1887,0.8113,1.5,1.5,1.9002,155.24,349.85,0.247
0.1166,0.3752,0.6248,1.5,1.5,0.8253,299.47,692.17,0.284
0.1374,0.272,0.728,1.5,1.5,1.3074,120.3,564.59,0.255
0.2377,0.1599,0.8401,1.5,1.5,1.1213,126.02,527.35,0.223
0.1693,0.1642,0.8358,1.5,1.5,0.5699,145.3,650.6,0.267
0.2087,0.3311,0.6689,1.5,1.5,2.1507,213.82,559.57,0.197
0.4262,0.3309,0.6691,1.5,1.5,4.762,184.01,645.68,0.281
0.1354,0.2001,0.7999,1.5,1.5,1.0733,263.72,665.23,0.195
0.1256,0.5379,0.4621,1.5,1.5,2.3185,190.74,699.7,0.183
0.8324,0.2567,0.7433,1.5,1.5,4.8659,120.62,410.38,0.29
0.2825,0.2001,0.7999,1.5,1.5,1.1999,129.21,401.55,0.234
0.2313,0.2514,0.7486,1.5,1.5,1.6219,264.71,594.95,0.19
0.4844,0.3127,0.6873,1.5,1.5,1.7424,121.52,693.59,0.273
0.0985,0.4407,0.5593,1.5,1.5,1.168,145.08,405.0,0.269
0.5556,0.3711,0.6289,1.5,1.5,3.1729,255.98,614.33,0.196
0.1756,0.1783,0.8217,1.5,1.5,1.8772,278.09,619.06,0.282
0.2134,0.2171,0.7829,1.5,1.5,1.2694,130.99,651.16,0.251
0.1393,0.2608,0.7392,1.5,1.5,0.6088,156.27,578.22,0.251
0.1399,0.2391,0.7609,1.5,1.5,1.9465,162.22,604.78,0.228
0.7298,0.2527,0.7473,1.5,1.5,2.4631,161.04,635.09,0.293
0.2294,0.184,0.816,1.5,1.5,1.6194,239.03,514.58,0.267
0.2219,0.4454,0.5546,1.5,1.5,2.327,151.59,534.0,0.286
0.6318,0.3018,0.6982,1.5,1.5,3.4564,224.19,577.1,0.222
0.1858,0.191,0.809,1.5,1.5,1.6691,134.85,434.14,0.246
0.1861,0.1903,0.8097,1.5,1.5,2.3057,185.78,368.96,0.258
0.1289,0.2539,0.7461,1.5,1.5,0.7223,158.25,603.38,0.278
0.2195,0.3078,0.6922,1.5,1.5,3.241,123.65,318.57,0.204
0.269,0.3862,0.6138,1.5,1.5,3.2007,127.47,483.72,0.244
0.1404,0.2491,0.7509,1.5,1.5,2.1133,204.21,425.6,0.266
0.1403,0.2013,0.7987,1.5,1.5,1.871,231.56,614.13,0.171
0.1308,0.23,0.77,1.5,1.5,2.323,156.58,463.7,0.225
0.1222,0.3686,0.6314,1.5,1.5,0.8884,246.15,686.98,0.265
0.5226,0.1727,0.8273,1.5,1.5,2.1054,250.38,696.9,0.233
1.0317,0.2046,0.7954,1.5,1.5,2.941,144.24,677.46,0.292
0.1594,0.4398,0.5602,1.5,1.5,3.1643,128.48,457.94,0.214
1.15,0.1973,0.8027,1.5,1.5,6.2245,220.93,680.84,0.192
0.1227,0.2856,0.7144,1.5,1.5,0.8566,180.65,424.97,0.242
0.1858,0.2361,0.7639,1.5,1.5,2.6689,239.23,669.44,0.278
1.0868,0.2273,0.7727,1.5,1.5,7.9108,172.04,503.7,0.209
0.1776,0.3073,0.6927,1.5,1.5,2.7512,216.67,631.81,0.239
0.135,0.3549,0.6451,1.5,1.5,2.9522,219.57,589.83,0.203
0.1185,0.4401,0.5599,1.5,1.5,2.1503,225.99,695.07,0.202
0.5208,0.3563,0.6437,1.5,1.5,3.7671,290.11,657.49,0.238
0.1383,0.1824,0.8176,1.5,1.5,1.2387,192.27,599.25,0.186
0.1634,0.2528,0.7472,1.5,1.5,2.4081,243.58,698.96,0.193
1.2107,0.2506,0.7494,1.5,1.5,5.4521,237.72,693.13,0.235
0.2482,0.2116,0.7884,1.5,1.5,2.8326,237.71,497.68,0.256
0.135,0.1966,0.8034,1.5,1.5,1.701,142.82,493.24,0.267
0.1948,0.1684,0.8316,1.5,1.5,2.2504,143.23,643.09,0.278
0.3104,0.4335,0.5665,1.5,1.5,3.3624,176.64,525.54,0.249
0.1601,0.1456,0.8544,1.5,1.5,1.7247,217.61,443.8,0.202
0.4269,0.3529,0.6471,1.5,1.5,4.7486,167.16,532.84,0.219
0.2853,0.3883,0.6117,1.5,1.5,4.2715,203.51,684.23,0.259
0.1278,0.3025,0.6975,1.5,1.5,2.3311,160.74,689.48,0.194
0.1539,0.3851,0.6149,1.5,1.5,2.2319,133.82,617.69,0.199
0.7658,0.3322,0.6678,1.5,1.5,2.0434,134.41,629.61,0.254
0.3551,0.1797,0.8203,1.5,1.5,2.3169,250.17,564.91,0.239
0.3918,0.2094,0.7906,1.5,1.5,2.8982,264.17,589.98,0.237
0.2222,0.1841,0.8159,1.5,1.5,1.0801,178.38,689.51,0.292
0.1203,0.3142,0.6858,1.5,1.5,0.9907,155.38,500.09,0.267
0.2137,0.1522,0.8478,1.5,1.5,1.3318,188.52,663.5,0.296
0.1994,0.1806,0.8194,1.5,1.5,0.9908,198.07,541.97,0.251
0.1394,0.1819,0.8181,1.5,1.5,0.4906,154.76,374.98,0.28
0.0965,0.4904,0.5096,1.5,1.5,2.4904,209.85,467.26,0.285
0.2311,0.2364,0.7636,1.5,1.5,1.1271,160.87,571.87,0.217
0.2633,0.2308,0.7692,1.5,1.5,3.2041,173.04,433.69,0.222
0.2796,0.22,0.78,1.5,1.5,1.2049,223.75,641.17,0.236
0.1984,0.237,0.763,1.5,1.5,1.9265,235.01,574.9,0.276
0.4342,0.5845,0.4155,1.5,1.5,2.9654,183.17,522.73,0.244
0.3921,0.2249,0.7751,1.5,1.5,3.8041,178.89,520.46,0.254
0.19,0.4052,0.5948,1.5,1.5,1.7297,275.69,696.32,0.194
0.1536,0.5698,0.4302,1.5,1.5,2.9225,156.15,656.61,0.234
0.3126,0.2205,0.7795,1.5,1.5,2.7787,171.24,553.64,0.229
0.2327,0.2479,0.7521,1.5,1.5,3.1225,221.44,525.2,0.227
0.2217,0.1931,0.8069,1.5,1.5,1.6092,125.15,502.76,0.234
0.2983,0.2027,0.7973,1.5,1.5,2.2313,158.8,510.38,0.233
0.1916,0.1928,0.8072,1.5,1.5,0.5836,133.36,399.1,0.273
0.1651,0.1521,0.8479,1.5,1.5,1.2757,161.88,411.65,0.215
0.9198,0.3801,0.6199,1.5,1.5,8.2605,162.36,560.38,0.251
0.2083,0.1491,0.8509,1.5,1.5,0.8116,154.29,642.17,0.278
0.1755,0.4055,0.5945,1.5,1.5,2.7428,151.64,354.95,0.212
0.3151,0.4634,0.5366,1.5,1.5,4.9784,262.05,663.71,0.215
1.2686,0.1881,0.8119,1.5,1.5,6.1283,165.42,483.8,0.237
0.1968,0.2751,0.7249,1.5,1.5,1.5921,247.37,609.58,0.186
0.49,0.1729,0.8271,1.5,1.5,3.5862,235.95,638.6,0.218
0.207,0.456,0.544,1.5,1.5,3.3329,152.43,398.08,0.186
0.1877,0.4805,0.5195,1.5,1.5,3.1456,243.85,581.12,0.292
0.157,0.2933,0.7067,1.5,1.5,1.5171,171.66,561.23,0.289
0.6622,0.3107,0.6893,1.5,1.5,4.3156,198.87,557.36,0.192
0.9328,0.2985,0.7015,1.5,1.5,7.8904,222.83,598.49,0.272
0.803,0.4026,0.5974,1.5,1.5,3.7276,223.08,523.38,0.226
0.2178,0.1995,0.8005,1.5,1.5,2.5289,139.72,629.3,0.271
0.222,0.5023,0.4977,1.5,1.5,3.0687,124.44,407.72,0.211
0.2349,0.5685,0.4315,1.5,1.5,2.7613,196.06,560.61,0.261
0.8035,0.1587,0.8413,1.5,1.5,3.7758,124.42,453.89,0.269
0.2029,0.3383,0.6617,1.5,1.5,2.7496,127.53,680.67,0.207
0.3362,0.1575,0.8425,1.5,1.5,2.347,160.95,479.83,0.208
0.5127,0.1433,0.8567,1.5,1.5,1.3631,224.05,536.76,0.241
0.1497,0.222,0.778,1.5,1.5,0.8166,242.47,570.54,0.255
0.4022,0.1987,0.8013,1.5,1.5,0.7897,154.67,572.02,0.228
0.2524,0.189,0.811,1.5,1.5,1.2363,239.67,616.64,0.18
0.1889,0.237,0.763,1.5,1.5,1.4941,235.02,563.18,0.22
0.1711,0.2384,0.7616,1.5,1.5,2.4182,166.66,505.22,0.216
1.13,0.2779,0.7221,1.5,1.5,4.4843,190.85,635.03,0.26
0.2683,0.143,0.857,1.5,1.5,2.3053,265.27,603.83,0.237
0.1865,0.1891,0.8109,1.5,1.5,1.5878,128.35,634.61,0.217
0.2181,0.2157,0.7843,1.5,1.5,2.0376,135.2,389.94,0.183
0.5988,0.1659,0.8341,1.5,1.5,3.8334,298.35,693.07,0.223
0.1407,0.1884,0.8116,1.5,1.5,2.0523,172.26,348.07,0.176
0.0927,0.5516,0.4484,1.5,1.5,1.1127,206.29,547.09,0.223
0.6318,0.2064,0.7936,1.5,1.5,5.4218,128.29,310.09,0.22
0.0783,0.5376,0.4624,1.5,1.5,3.3796,190.48,624.37,0.194
0.1535,0.178,0.822,1.5,1.5,1.1108,171.61,680.55,0.267
0.1535,0.2159,0.7841,1.5,1.5,1.8897,201.47,432.6,0.193
0.3272,0.5141,0.4859,1.5,1.5,2.4381,182.63,488.7,0.221
0.2205,0.2046,0.7954,1.5,1.5,2.2864,148.67,302.73,0.214
0.2663,0.1563,0.8437,1.5,1.5,2.5837,143.35,602.5,0.267
0.4863,0.2234,0.7766,1.5,1.5,1.5379,185.74,676.48,0.268
0.2202,0.2633,0.7367,1.5,1.5,1.4934,134.85,302.35,0.282
0.4767,0.1701,0.8299,1.5,1.5,1.4688,277.98,623.4,0.292
0.3026,0.1752,0.8248,1.5,1.5,2.9028,188.39,640.14,0.292
0.2118,0.2841,0.7159,1.5,1.5,1.5869,179.82,655.88,0.257
0.2737,0.2122,0.7878,1.5,1.5,0.9466,162.11,414.58,0.249
0.1949,0.3367,0.6633,1.5,1.5,3.0956,218.48,663.93,0.222
0.3536,0.5537,0.4463,1.5,1.5,4.3571,125.0,319.42,0.221
0.4611,0.2055,0.7945,1.5,1.5,1.6679,145.82,601.83,0.219
0.1587,0.154,0.846,1.5,1.5,1.0192,166.45,489.51,0.243
1.3072,0.1843,0.8157,1.5,1.5,6.7177,138.29,402.91,0.283
0.156,0.2696,0.7304,1.5,1.5,1.8784,148.6,484.94,0.229
0.2466,0.196,0.804,1.5,1.5,1.6483,142.63,552.54,0.239
0.1453,0.2041,0.7959,1.5,1.5,1.7611,130.35,441.44,0.178
0.3759,0.4158,0.5842,1.5,1.5,1.836,197.11,480.78,0.263
0.1777,0.3039,0.6961,1.5,1.5,1.6523,179.17,660.27,0.276
0.4403,0.1849,0.8151,1.5,1.5,0.8235,154.99,494.23,0.297
0.1082,0.3691,0.6309,1.5,1.5,0.7866,176.14,602.13,0.296
0.1862,0.1441,0.8559,1.5,1.5,1.7483,206.63,462.88,0.247
0.1519,0.1444,0.8556,1.5,1.5,1.6419,120.65,365.24,0.267
0.1633,0.4577,0.5423,1.5,1.5,1.0109,134.92,516.24,0.236
0.3431,0.2757,0.7243,1.5,1.5,1.367,154.87,440.23,0.22
0.1426,0.1717,0.8283,1.5,1.5,0.5523,240.69,584.25,0.236
0.1923,0.2202,0.7798,1.5,1.5,2.0591,294.39,639.45,0.245
0.1739,0.3765,0.6235,1.5,1.5,3.4924,263.97,663.19,0.291
0.1523,0.1457,0.8543,1.5,1.5,1.2895,151.92,491.52,0.209
0.3928,0.1597,0.8403,1.5,1.5,1.7461,181.41,470.15,0.196
0.2098,0.1597,0.8403,1.5,1.5,0.7544,146.14,503.86,0.23
0.1484,0.1521,0.8479,1.5,1.5,1.2823,181.45,421.56,0.166
0.3768,0.1495,0.8505,1.5,1.5,2.7305,152.1,360.24,0.197
0.4752,0.1556,0.8444,1.5,1.5,3.3734,135.06,447.89,0.262
0.1516,0.1596,0.8404,1.5,1.5,0.6522,135.11,663.41,0.213
0.1236,0.304,0.696,1.5,1.5,0.6687,153.95,477.35,0.225
0.2871,0.15,0.85,1.5,1.5,1.0919,122.71,462.4,0.246
0.2239,0.1486,0.8514,1.5,1.5,1.8136,144.64,484.36,0.161
0.2531,0.2107,0.7893,1.5,1.5,1.7651,230.66,520.19,0.194
0.3792,0.149,0.851,1.5,1.5,1.3005,217.87,549.38,0.3
0.1462,0.1881,0.8119,1.5,1.5,1.4023,130.87,422.06,0.224
0.2863,0.1734,0.8266,1.5,1.5,1.8177,225.79,577.13,0.283
0.169,0.1555,0.8445,1.5,1.5,1.1246,213.79,642.67,0.188
0.1864,0.206,0.794,1.5,1.5,0.5815,187.5,662.03,0.297
0.1889,0.1444,0.8556,1.5,1.5,1.2012,247.92,507.7,0.286
0.3205,0.1801,0.8199,1.5,1.5,1.9801,134.99,361.64,0.272
0.1414,0.2262,0.7738,1.5,1.5,2.0546,180.51,488.62,0.211
0.1405,0.1616,0.8384,1.5,1.5,0.8677,128.45,548.48,0.198
0.1342,0.3051,0.6949,1.5,1.5,0.5298,131.77,519.89,0.215
0.145,0.1757,0.8243,1.5,1.5,1.2617,149.31,661.77,0.28
0.1945,0.2096,0.7904,1.5,1.5,2.2402,174.51,472.53,0.187
0.5383,0.1484,0.8516,1.5,1.5,3.1321,238.69,535.65,0.296
0.2045,0.19,0.81,1.5,1.5,1.8415,161.5,337.04,0.279
0.4015,0.4632,0.5368,1.5,1.5,5.387,243.75,538.35,0.276
0.139,0.2431,0.7569,1.5,1.5,0.6756,272.24,695.24,0.264
0.1761,0.4458,0.5542,1.5,1.5,0.9049,217.85,693.27,0.249
0.8474,0.2416,0.7584,1.5,1.5,1.6879,229.33,593.24,0.295
0.1381,0.3384,0.6616,1.5,1.5,2.5181,244.64,607.52,0.191
0.4694,0.1758,0.8242,1.5,1.5,3.1497,168.38,569.21,0.198
0.4607,0.1947,0.8053,1.5,1.5,1.8331,159.4,478.69,0.23
0.3485,0.2114,0.7886,1.5,1.5,2.1533,234.71,597.6,0.195
0.1559,0.3422,0.6578,1.5,1.5,2.282,130.85,403.97,0.298
0.3599,0.2639,0.7361,1.5,1.5,3.1499,197.35,655.92,0.233
0.1398,0.1815,0.8185,1.5,1.5,1.3356,195.72,552.98,0.283
0.3981,0.2038,0.7962,1.5,1.5,2.454,172.59,390.61,0.19
0.2982,0.2613,0.7387,1.5,1.5,2.049,145.6,478.32,0.221
0.1799,0.1941,0.8059,1.5,1.5,1.1565,135.11,485.46,0.285
0.117,0.4284,0.5716,1.5,1.5,2.7776,279.96,675.68,0.29
1.1419,0.227,0.773,1.5,1.5,4.5869,278.26,664.36,0.276
0.1218,0.5038,0.4962,1.5,1.5,0.7983,165.04,606.96,0.3
0.5087,0.3433,0.6567,1.5,1.5,2.7399,209.18,679.57,0.178
0.1543,0.5263,0.4737,1.5,1.5,1.4164,142.14,659.87,0.23
0.3218,0.2126,0.7874,1.5,1.5,1.1195,287.81,691.22,0.221
0.1523,0.2435,0.7565,1.5,1.5,1.1803,138.74,426.85,0.278
0.1762,0.1477,0.8523,1.5,1.5,1.4588,153.63,644.78,0.219
0.1419,0.151,0.849,1.5,1.5,1.579,176.59,634.54,0.209
0.1459,0.1802,0.8198,1.5,1.5,0.9316,180.74,629.17,0.27
0.3606,0.233,0.767,1.5,1.5,1.9774,127.13,479.52,0.236
0.2379,0.1494,0.8506,1.5,1.5,2.1051,146.29,556.81,0.273
0.1968,0.1502,0.8498,1.5,1.5,1.3187,197.62,645.78,0.226
0.1466,0.2924,0.7076,1.5,1.5,2.0779,232.36,594.5,0.268
0.5559,0.1879,0.8121,1.5,1.5,1.5054,182.16,502.53,0.282
0.174,0.2507,0.7493,1.5,1.5,2.7204,152.97,515.69,0.239
0.3752,0.2632,0.7368,1.5,1.5,2.0395,149.88,689.21,0.245
0.2142,0.2505,0.7495,1.5,1.5,2.607,211.89,544.28,0.29
0.2505,0.4482,0.5518,1.5,1.5,3.6234,256.68,626.03,0.22
0.1886,0.2002,0.7998,1.5,1.5,2.3141,230.32,626.41,0.297
0.2079,0.1906,0.8094,1.5,1.5,1.0141,158.98,349.38,0.21
0.5335,0.147,0.853,1.5,1.5,2.3938,160.19,613.12,0.253
0.2506,0.1691,0.8309,1.5,1.5,1.8793,132.28,338.96,0.204
0.2628,0.2952,0.7048,1.5,1.5,0.7388,188.08,641.89,0.212
0.4959,0.1516,0.8484,1.5,1.5,1.9734,166.95,679.23,0.189
0.1989,0.2074,0.7926,1.5,1.5,2.4235,160.16,661.79,0.283
0.2076,0.168,0.832,1.5,1.5,1.8917,125.79,654.22,0.239
0.2919,0.1884,0.8116,1.5,1.5,1.0425,173.44,399.19,0.247
0.3835,0.1675,0.8325,1.5,1.5,0.7939,160.17,526.61,0.247
0.1733,0.2132,0.7868,1.5,1.5,2.3999,128.55,637.3,0.206
0.1336,0.2438,0.7562,1.5,1.5,0.9944,171.0,477.62,0.258
0.1934,0.2545,0.7455,1.5,1.5,2.1645,278.98,615.31,0.281
0.165,0.4361,0.5639,1.5,1.5,1.3405,157.66,505.35,0.236
0.1231,0.2775,0.7225,1.5,1.5,1.2272,283.83,662.27,0.261
0.2188,0.2283,0.7717,1.5,1.5,1.6202,218.17,670.98,0.179
0.1281,0.3672,0.6328,1.5,1.5,2.0492,232.91,512.78,0.219
0.4333,0.3011,0.6989,1.5,1.5,0.929,271.24,666.98,0.296
0.1471,0.1539,0.8461,1.5,1.5,1.5247,151.87,507.98,0.171
0.2139,0.1732,0.8268,1.5,1.5,2.1984,161.24,502.98,0.262
0.0867,0.5368,0.4632,1.5,1.5,2.8746,158.63,680.9,0.238
0.1663,0.1964,0.8036,1.5,1.5,1.797,287.99,610.78,0.203
0.2823,0.1558,0.8442,1.5,1.5,1.4673,172.23,419.86,0.195
0.0912,0.5128,0.4872,1.5,1.5,3.4472,208.12,641.34,0.266
0.1546,0.1924,0.8076,1.5,1.5,1.6915,123.99,479.2,0.198
0.1464,0.188,0.812,1.5,1.5,1.1873,163.28,336.23,0.243
0.1739,0.3255,0.6745,1.5,1.5,3.1165,120.89,289.54,0.296
0.2931,0.3355,0.6645,1.5,1.5,1.8236,214.59,543.81,0.245
0.3922,0.407,0.593,1.5,1.5,3.363,277.04,683.59,0.277
0.1848,0.1588,0.8412,1.5,1.5,2.1262,217.13,445.81,0.257
0.2022,0.1546,0.8454,1.5,1.5,2.1985,122.69,516.01,0.3
0.3791,0.3412,0.6588,1.5,1.5,3.0063,170.5,367.33,0.279
0.2279,0.2524,0.7476,1.5,1.5,2.7585,130.05,291.06,0.185
0.2391,0.1647,0.8353,1.5,1.5,2.6098,151.27,671.17,0.168
0.0929,0.4819,0.5181,1.5,1.5,1.5165,229.19,520.79,0.258
0.1899,0.5583,0.4417,1.5,1.5,1.058,206.13,634.04,0.241
0.1387,0.1979,0.8021,1.5,1.5,1.5738,174.31,592.4,0.297
0.3139,0.166,0.834,1.5,1.5,0.7894,249.13,686.15,0.2
0.3226,0.2796,0.7204,1.5,1.5,2.5071,148.32,398.86,0.294
0.2351,0.1731,0.8269,1.5,1.5,2.4532,231.26,620.56,0.171
0.6044,0.4058,0.5942,1.5,1.5,2.3721,155.95,456.93,0.206
0.1652,0.233,0.767,1.5,1.5,1.1105,204.81,622.63,0.27
0.1155,0.4645,0.5355,1.5,1.5,2.2388,206.71,543.45,0.248
0.1091,0.3779,0.6221,1.5,1.5,1.1128,192.92,517.06,0.269
0.3709,0.1504,0.8496,1.5,1.5,3.2821,171.67,555.29,0.226
0.1563,0.1514,0.8486,1.5,1.5,1.3065,135.41,322.69,0.227
0.1556,0.145,0.855,1.5,1.5,1.2475,132.36,399.27,0.288
0.4715,0.1447,0.8553,1.5,1.5,3.604,214.07,690.66,0.211
0.3568,0.1508,0.8492,1.5,1.5,1.0167,138.98,426.11,0.265
1.0395,0.1632,0.8368,1.5,1.5,7.6443,218.62,584.08,0.205
0.1511,0.2213,0.7787,1.5,1.5,2.1505,251.44,674.91,0.174
0.2992,0.1437,0.8563,1.5,1.5,2.8064,124.66,545.12,0.189
0.2391,0.3984,0.6016,1.5,1.5,2.7311,140.91,494.01,0.221
0.2808,0.3807,0.6193,1.5,1.5,2.2958,155.21,411.16,0.195
0.2178,0.4482,0.5518,1.5,1.5,1.6272,122.35,438.39,0.184
0.1891,0.1952,0.8048,1.5,1.5,0.8109,151.21,344.62,0.249
0.3576,0.1521,0.8479,1.5,1.5,2.6336,230.29,543.55,0.236
0.1348,0.2021,0.7979,1.5,1.5,1.5134,196.66,698.33,0.212
0.2778,0.3619,0.6381,1.5,1.5,2.6004,149.21,525.85,0.294
0.1071,0.4082,0.5918,1.5,1.5,1.8085,155.44,617.3,0.249
0.203,0.471,0.529,1.5,1.5,1.4626,196.84,673.39,0.206
0.7214,0.2519,0.7481,1.5,1.5,1.8561,163.53,576.66,0.279
0.1389,0.405,0.595,1.5,1.5,3.1224,185.63,659.84,0.277
0.1563,0.2262,0.7738,1.5,1.5,2.4763,286.25,617.98,0.232
0.2162,0.1482,0.8518,1.5,1.5,1.3912,120.76,428.08,0.248
0.1821,0.162,0.838,1.5,1.5,0.6936,168.69,677.53,0.291
0.7173,0.1485,0.8515,1.5,1.5,1.7482,131.25,596.14,0.279
0.0919,0.4728,0.5272,1.5,1.5,1.8247,211.5,460.2,0.278
0.2517,0.2785,0.7215,1.5,1.5,2.7371,168.98,616.26,0.25
0.1193,0.306,0.694,1.5,1.5,1.0628,213.4,613.01,0.233
1.0635,0.1577,0.8423,1.5,1.5,1.7927,159.14,679.26,0.211
0.3496,0.241,0.759,1.5,1.5,1.9231,127.32,410.9,0.18
0.1695,0.176,0.824,1.5,1.5,1.001,140.68,330.32,0.242
0.3967,0.1511,0.8489,1.5,1.5,3.4726,128.07,551.26,0.183
0.2393,0.387,0.613,1.5,1.5,2.3692,166.18,571.93,0.227
0.1438,0.292,0.708,1.5,1.5,2.4676,157.28,623.65,0.158
0.2064,0.1781,0.8219,1.5,1.5,1.9686,134.16,581.34,0.226
0.163,0.1889,0.8111,1.5,1.5,0.9339,145.22,642.0,0.244
0.2908,0.1598,0.8402,1.5,1.5,0.9265,157.67,382.21,0.266
0.3851,0.1891,0.8109,1.5,1.5,2.246,186.27,578.74,0.215
0.1447,0.1607,0.8393,1.5,1.5,1.4487,165.92,380.72,0.233
0.382,0.1672,0.8328,1.5,1.5,3.22,127.09,661.27,0.21
0.1361,0.3461,0.6539,1.5,1.5,2.8223,234.78,697.36,0.196
0.1176,0.4049,0.5951,1.5,1.5,1.2712,198.52,571.09,0.234
0.4285,0.1499,0.8501,1.5,1.5,1.0024,245.07,664.45,0.221
0.1753,0.1466,0.8534,1.5,1.5,1.0486,127.78,369.47,0.257
0.101,0.4023,0.5977,1.5,1.5,0.7161,188.16,453.68,0.289
0.2187,0.1576,0.8424,1.5,1.5,0.8037,165.51,475.49,0.285
0.2621,0.3183,0.6817,1.5,1.5,3.2245,243.47,489.63,0.276
0.3624,0.1955,0.8045,1.5,1.5,3.1062,219.51,529.38,0.269
0.3468,0.3257,0.6743,1.5,1.5,4.246,253.31,561.62,0.21
0.1196,0.3504,0.6496,1.5,1.5,1.6867,204.37,688.62,0.273
0.1047,0.3914,0.6086,1.5,1.5,3.0998,123.51,401.31,0.217
0.4827,0.2113,0.7887,1.5,1.5,3.7406,129.04,450.58,0.19
0.1784,0.1464,0.8536,1.5,1.5,1.4935,239.63,662.84,0.261
0.0718,0.6094,0.3906,1.5,1.5,1.0783,180.46,591.11,0.221
0.0949,0.4427,0.5573,1.5,1.5,2.4185,123.82,407.37,0.269
0.306,0.5615,0.4385,1.5,1.5,2.0855,121.28,495.04,0.277
0.1725,0.3591,0.6409,1.5,1.5,2.5163,271.02,568.21,0.234
0.1857,0.151,0.849,1.5,1.5,1.619,189.38,510.91,0.179
0.4479,0.3765,0.6235,1.5,1.5,1.1311,180.61,670.96,0.224
0.1404,0.2151,0.7849,1.5,1.5,1.9626,124.45,654.62,0.185
0.3052,0.1506,0.8494,1.5,1.5,2.6699,216.25,599.94,0.182
0.179,0.5112,0.4888,1.5,1.5,1.0871,225.89,613.97,0.298
0.2239,0.2591,0.7409,1.5,1.5,1.5674,176.24,489.3,0.192
0.1054,0.5631,0.4369,1.5,1.5,0.9419,164.07,627.57,0.249
0.72,0.4838,0.5162,1.5,1.5,3.7304,177.5,665.4,0.18
0.3827,0.2443,0.7557,1.5,1.5,2.5553,120.37,626.93,0.239
0.2583,0.1876,0.8124,1.5,1.5,2.04,297.32,610.15,0.298
0.1464,0.2297,0.7703,1.5,1.5,2.2314,122.12,476.57,0.283
0.1488,0.1879,0.8121,1.5,1.5,1.9429,158.14,559.92,0.279
0.1507,0.1916,0.8084,1.5,1.5,1.1483,163.45,353.23,0.201
0.1476,0.1749,0.8251,1.5,1.5,0.6049,151.29,565.72,0.253
0.1927,0.1692,0.8308,1.5,1.5,1.4051,169.01,600.63,0.287
0.157,0.2238,0.7762,1.5,1.5,2.0695,223.88,594.13,0.163
0.6318,0.1786,0.8214,1.5,1.5,4.9284,155.09,513.69,0.174
0.2113,0.1515,0.8485,1.5,1.5,0.7655,141.96,661.58,0.269
0.1896,0.1443,0.8557,1.5,1.5,1.0504,206.89,677.97,0.196
0.0896,0.5244,0.4756,1.5,1.5,3.0435,161.33,539.51,0.206
0.1026,0.4975,0.5025,1.5,1.5,1.9971,161.55,631.32,0.19
0.1226,0.322,0.678,1.5,1.5,0.605,179.05,490.15,0.291
0.1655,0.2541,0.7459,1.5,1.5,1.7092,155.73,471.82,0.214
0.6997,0.2982,0.7018,1.5,1.5,5.0484,194.33,448.85,0.275
0.3026,0.2048,0.7952,1.5,1.5,1.2447,249.18,575.51,0.219
0.2237,0.1912,0.8088,1.5,1.5,1.8455,227.41,674.89,0.208
0.3055,0.5426,0.4574,1.5,1.5,4.1423,136.75,429.04,0.178
0.2008,0.2075,0.7925,1.5,1.5,2.6428,132.86,543.0,0.188
0.3183,0.2575,0.7425,1.5,1.5,1.8712,255.54,665.72,0.268
0.1555,0.1823,0.8177,1.5,1.5,1.4647,151.93,531.02,0.296
0.1552,0.1825,0.8175,1.5,1.5,1.7551,194.47,674.82,0.157
0.2025,0.1811,0.8189,1.5,1.5,2.243,245.24,587.65,0.234
0.4733,0.2125,0.7875,1.5,1.5,3.2649,222.01,639.35,0.224
0.1383,0.3347,0.6653,1.5,1.5,2.6994,132.1,438.72,0.195
0.2581,0.2638,0.7362,1.5,1.5,3.227,130.2,626.52,0.245
0.1391,0.2057,0.7943,1.5,1.5,0.9213,135.37,640.74,0.29
0.1485,0.3563,0.6437,1.5,1.5,0.9086,140.48,431.54,0.213
0.2461,0.4787,0.5213,1.5,1.5,1.2829,184.27,615.88,0.2
0.1611,0.2327,0.7673,1.5,1.5,2.2183,265.03,609.16,0.262
0.1647,0.1861,0.8139,1.5,1.5,1.5815,198.28,487.88,0.284
0.1895,0.3544,0.6456,1.5,1.5,2.2005,137.91,329.78,0.242
0.1679,0.1594,0.8406,1.5,1.5,1.5652,212.8,612.84,0.165
0.1924,0.3583,0.6417,1.5,1.5,3.1225,137.99,655.09,0.212
0.2312,0.2822,0.7178,1.5,1.5,2.768,237.9,661.52,0.182
0.1222,0.4427,0.5573,1.5,1.5,2.4562,131.46,532.43,0.208
0.1864,0.1581,0.8419,1.5,1.5,1.9319,140.76,512.49,0.202
0.2891,0.1581,0.8419,1.5,1.5,1.1431,164.19,547.56,0.285
0.3336,0.1944,0.8056,1.5,1.5,0.9578,187.92,616.72,0.246
1.0658,0.2241,0.7759,1.5,1.5,5.7155,246.26,672.36,0.198
0.1477,0.1838,0.8162,1.5,1.5,1.5936,214.22,644.28,0.294
0.1351,0.355,0.645,1.5,1.5,2.1351,122.13,419.23,0.209
0.2499,0.1589,0.8411,1.5,1.5,0.7767,184.6,527.12,0.192
0.1981,0.1882,0.8118,1.5,1.5,2.3249,151.01,375.62,0.29
0.169,0.164,0.836,1.5,1.5,1.6826,140.73,677.67,0.292
0.2106,0.1945,0.8055,1.5,1.5,0.6145,174.1,481.81,0.236
0.31,0.1927,0.8073,1.5,1.5,2.6101,130.79,561.86,0.159
0.1569,0.1908,0.8092,1.5,1.5,0.3974,245.39,650.2,0.248
0.4209,0.5556,0.4444,1.5,1.5,4.2153,164.66,628.84,0.217
0.3464,0.1461,0.8539,1.5,1.5,2.4546,279.74,681.5,0.248
0.281,0.1639,0.8361,1.5,1.5,1.9261,168.72,598.25,0.2
0.1462,0.2161,0.7839,1.5,1.5,1.6272,123.56,314.34,0.269
0.3023,0.1588,0.8412,1.5,1.5,2.2394,289.1,694.35,0.227
0.1593,0.2393,0.7607,1.5,1.5,1.469,180.35,507.76,0.206
0.2673,0.1966,0.8034,1.5,1.5,2.6321,170.24,424.1,0.267
0.472,0.2581,0.7419,1.5,1.5,1.4396,188.91,681.11,0.28
0.6488,0.1611,0.8389,1.5,1.5,3.3951,201.11,523.57,0.2
0.1385,0.321,0.679,1.5,1.5,1.2048,136.97,645.47,0.189
1.041,0.1776,0.8224,1.5,1.5,1.5781,153.92,525.45,0.288
0.8448,0.2659,0.7341,1.5,1.5,7.1283,162.43,664.6,0.183
0.1553,0.1476,0.8524,1.5,1.5,1.4514,174.8,694.01,0.253
0.1623,0.2964,0.7036,1.5,1.5,2.0809,156.51,661.61,0.292
0.0814,0.5727,0.4273,1.5,1.5,1.8592,120.71,698.35,0.206
0.2221,0.2849,0.7151,1.5,1.5,2.7619,189.05,559.16,0.275
0.438,0.2546,0.7454,1.5,1.5,3.0957,128.22,650.28,0.264
0.3199,0.1546,0.8454,1.5,1.5,1.5751,243.65,685.11,0.196
0.8969,0.1452,0.8548,1.5,1.5,5.5474,212.19,654.82,0.277
0.1826,0.259,0.741,1.5,1.5,1.2515,184.89,388.55,0.249
0.3303,0.1573,0.8427,1.5,1.5,1.6267,200.16,662.38,0.234
0.279,0.1537,0.8463,1.5,1.5,2.099,164.05,689.07,0.251
0.1397,0.3082,0.6918,1.5,1.5,1.2066,153.49,612.75,0.284
0.1249,0.5618,0.4382,1.5,1.5,2.3745,124.87,298.98,0.273
0.769,0.234,0.766,1.5,1.5,1.1525,171.53,462.71,0.27
0.2463,0.2952,0.7048,1.5,1.5,2.9703,234.25,612.78,0.286
0.1655,0.204,0.796,1.5,1.5,0.4154,120.46,680.8,0.253
0.2701,0.2813,0.7187,1.5,1.5,1.2616,159.82,548.68,0.189
0.4424,0.1547,0.8453,1.5,1.5,0.8895,211.94,573.92,0.207
0.1728,0.2441,0.7559,1.5,1.5,1.9157,161.78,632.69,0.297
0.1093,0.3511,0.6489,1.5,1.5,0.657,228.47,550.77,0.232
0.6919,0.3551,0.6449,1.5,1.5,2.002,192.23,520.28,0.238
0.1831,0.2134,0.7866,1.5,1.5,1.6269,295.64,617.5,0.24
0.5209,0.4333,0.5667,1.5,1.5,4.2746,189.09,422.71,0.258
0.1491,0.2293,0.7707,1.5,1.5,0.672,149.02,394.95,0.285
0.2587,0.4413,0.5587,1.5,1.5,2.9727,134.25,698.97,0.231
0.3502,0.2215,0.7785,1.5,1.5,1.1805,198.01,464.51,0.274
0.4114,0.153,0.847,1.5,1.5,3.2677,135.97,569.72,0.16
0.2233,0.3946,0.6054,1.5,1.5,3.9158,135.55,489.22,0.178
0.2497,0.1998,0.8002,1.5,1.5,0.5259,124.77,616.46,0.295
0.1881,0.1902,0.8098,1.5,1.5,0.6056,144.21,635.33,0.24
0.152,0.3561,0.6439,1.5,1.5,1.0751,244.6,588.05,0.296
0.1862,0.3033,0.6967,1.5,1.5,1.8204,136.13,339.23,0.176
0.135,0.4801,0.5199,1.5,1.5,2.7396,232.06,615.16,0.252
0.6914,0.1448,0.8552,1.5,1.5,3.5361,207.53,534.79,0.286
0.496,0.1875,0.8125,1.5,1.5,2.0123,192.54,438.9,0.229
0.1639,0.1793,0.8207,1.5,1.5,2.109,201.73,388.04,0.221
0.1545,0.3559,0.6441,1.5,1.5,1.7395,135.52,631.17,0.173
0.2323,0.2244,0.7756,1.5,1.5,1.6343,223.87,686.02,0.249
0.1752,0.1595,0.8405,1.5,1.5,1.5288,290.99,692.37,0.22
0.3156,0.3004,0.6996,1.5,1.5,2.3677,179.7,656.27,0.261
0.1754,0.1602,0.8398,1.5,1.5,2.1366,154.46,417.33,0.263
0.1499,0.2185,0.7815,1.5,1.5,0.442,142.5,418.51,0.204
0.1524,0.2052,0.7948,1.5,1.5,1.7265,163.89,469.11,0.284
0.2592,0.1873,0.8127,1.5,1.5,2.7611,167.81,604.01,0.205
0.2667,0.3109,0.6891,1.5,1.5,3.1676,147.62,628.1,0.259
0.1538,0.1846,0.8154,1.5,1.5,1.3945,156.67,339.76,0.221
0.4633,0.3254,0.6746,1.5,1.5,5.0565,171.21,661.47,0.193
0.4066,0.2222,0.7778,1.5,1.5,3.9871,188.61,581.5,0.204
0.4049,0.1525,0.8475,1.5,1.5,1.2336,163.23,692.48,0.192
0.1324,0.2387,0.7613,1.5,1.5,0.9115,140.96,390.53,0.291
0.1566,0.1924,0.8076,1.5,1.5,1.4526,142.28,571.47,0.2
0.2232,0.183,0.817,1.5,1.5,0.73,225.1,482.09,0.271
0.1631,0.1738,0.8262,1.5,1.5,1.437,207.52,450.65,0.182
0.1205,0.4658,0.5342,1.5,1.5,1.346,207.39,561.42,0.231
0.3295,0.2701,0.7299,1.5,1.5,3.638,124.17,387.59,0.297
0.6274,0.2585,0.7415,1.5,1.5,4.461,156.33,400.09,0.267
0.1269,0.3117,0.6883,1.5,1.5,0.6053,165.36,561.07,0.198
0.3186,0.1888,0.8112,1.5,1.5,1.5039,259.78,643.25,0.293
0.1495,0.3146,0.6854,1.5,1.5,2.9104,168.27,576.88,0.285
0.1592,0.1742,0.8258,1.5,1.5,0.5475,232.84,608.8,0.232
0.5504,0.1518,0.8482,1.5,1.5,2.3756,152.65,384.79,0.274
0.2935,0.1557,0.8443,1.5,1.5,2.0536,126.81,318.14,0.174
0.1461,0.1776,0.8224,1.5,1.5,1.6638,181.62,595.47,0.211
0.3409,0.1793,0.8207,1.5,1.5,0.6493,177.77,590.43,0.291
0.16,0.2106,0.7894,1.5,1.5,0.6122,157.98,630.65,0.27
0.9154,0.1569,0.8431,1.5,1.5,4.8222,133.0,559.63,0.272
0.1349,0.3736,0.6264,1.5,1.5,1.0118,181.79,627.66,0.269
0.1485,0.2642,0.7358,1.5,1.5,1.2132,292.68,636.32,0.277
0.2144,0.1919,0.8081,1.5,1.5,1.9779,155.59,691.15,0.26
0.2133,0.4144,0.5856,1.5,1.5,0.7546,141.46,660.17,0.236
0.7599,0.1839,0.8161,1.5,1.5,4.4848,205.99,490.29,0.259
0.1523,0.1569,0.8431,1.5,1.5,1.8345,147.45,575.67,0.201
0.1718,0.3087,0.6913,1.5,1.5,2.5004,296.86,647.35,0.283
0.2418,0.3556,0.6444,1.5,1.5,2.9028,184.41,575.72,0.289
0.3939,0.5249,0.4751,1.5,1.5,5.0096,131.84,280.77,0.294
0.1751,0.1677,0.8323,1.5,1.5,1.9814,275.68,554.8,0.207
0.4,0.194,0.806,1.5,1.5,3.7433,123.14,625.8,0.191
0.2275,0.2022,0.7978,1.5,1.5,1.7781,164.62,545.49,0.299
0.1597,0.2167,0.7833,1.5,1.5,1.3562,139.87,638.49,0.229
0.137,0.5734,0.4266,1.5,1.5,3.8588,180.48,419.33,0.249
0.4938,0.3091,0.6909,1.5,1.5,1.1241,186.89,525.7,0.272
0.1466,0.5459,0.4541,1.5,1.5,1.648,135.5,330.19,0.262
0.1231,0.3679,0.6321,1.5,1.5,3.0078,138.65,364.19,0.208
0.1638,0.1652,0.8348,1.5,1.5,0.8783,277.89,625.7,0.197
0.3901,0.1523,0.8477,1.5,1.5,3.1076,197.81,651.38,0.205
0.1794,0.2305,0.7695,1.5,1.5,2.3496,151.68,536.42,0.175
0.1101,0.5051,0.4949,1.5,1.5,1.8787,122.65,581.8,0.266
0.3898,0.1681,0.8319,1.5,1.5,3.3743,165.76,628.09,0.222
0.7737,0.2216,0.7784,1.5,1.5,2.4167,164.36,669.4,0.233
0.1709,0.2198,0.7802,1.5,1.5,2.1097,194.81,664.85,0.293
0.1656,0.1571,0.8429,1.5,1.5,1.8158,141.23,694.33,0.219
0.1989,0.1572,0.8428,1.5,1.5,0.4508,181.97,430.14,0.244
0.807,0.3971,0.6029,1.5,1.5,4.0135,136.57,500.03,0.297
0.1412,0.1535,0.8465,1.5,1.5,0.7574,151.85,607.45,0.287
0.4819,0.4912,0.5088,1.5,1.5,2.9064,197.86,565.63,0.192
0.1695,0.1449,0.8551,1.5,1.5,0.4616,214.36,666.29,0.285
0.7038,0.2089,0.7911,1.5,1.5,3.7851,187.13,547.27,0.215
0.2983,0.1445,0.8555,1.5,1.5,2.0298,217.64,630.06,0.296
0.3609,0.1598,0.8402,1.5,1.5,0.6691,251.08,600.85,0.296
0.4736,0.2162,0.7838,1.5,1.5,1.77,163.26,481.07,0.19
0.2588,0.2536,0.7464,1.5,1.5,3.1826,291.9,615.45,0.187
0.1332,0.2665,0.7335,1.5,1.5,1.9406,127.9,390.73,0.254
0.2799,0.1695,0.8305,1.5,1.5,2.6918,133.72,298.57,0.177
0.2735,0.3256,0.6744,1.5,1.5,3.2902,271.46,644.71,0.276
0.1417,0.281,0.719,1.5,1.5,2.37,171.98,542.42,0.162
0.4566,0.1645,0.8355,1.5,1.5,2.0519,261.15,642.3,0.19
0.5771,0.1845,0.8155,1.5,1.5,1.2438,208.8,611.67,0.225
0.2486,0.2414,0.7586,1.5,1.5,3.0146,151.39,561.52,0.251
0.1748,0.2159,0.7841,1.5,1.5,1.47,266.35,645.53,0.215
0.147,0.1794,0.8206,1.5,1.5,0.6966,199.93,527.67,0.214
0.1337,0.2769,0.7231,1.5,1.5,1.8681,198.23,542.3,0.26
0.1389,0.1837,0.8163,1.5,1.5,1.6322,133.47,398.74,0.247
0.1823,0.2513,0.7487,1.5,1.5,0.5038,202.88,581.29,0.254
0.2252,0.3597,0.6403,1.5,1.5,2.693,140.94,584.47,0.182
0.3273,0.2884,0.7116,1.5,1.5,2.5726,167.93,643.9,0.2
0.2977,0.3698,0.6302,1.5,1.5,3.2654,185.67,437.35,0.26
0.1294,0.3342,0.6658,1.5,1.5,2.2829,188.44,438.22,0.18
0.2649,0.2269,0.7731,1.5,1.5,2.3304,208.52,583.43,0.29
0.1226,0.2851,0.7149,1.5,1.5,2.0735,258.25,632.96,0.295
0.1767,0.3369,0.6631,1.5,1.5,1.1423,251.98,690.69,0.245
0.3528,0.232,0.768,1.5,1.5,2.0765,179.15,586.11,0.261
0.1424,0.1832,0.8168,1.5,1.5,1.7186,174.86,548.81,0.163
0.2575,0.1911,0.8089,1.5,1.5,2.6925,126.56,508.31,0.183
0.5156,0.554,0.446,1.5,1.5,3.7479,268.75,634.23,0.19
0.2238,0.2112,0.7888,1.5,1.5,1.8322,182.98,591.68,0.28
0.6409,0.179,0.821,1.5,1.5,2.6122,136.91,622.22,0.2
0.1374,0.1841,0.8159,1.5,1.5,1.8496,172.83,642.22,0.201
0.2801,0.1699,0.8301,1.5,1.5,2.714,164.23,342.84,0.283
0.1961,0.1464,0.8536,1.5,1.5,1.1886,249.29,504.01,0.243
0.2879,0.2274,0.7726,1.5,1.5,2.6571,155.13,636.58,0.281
0.1756,0.1479,0.8521,1.5,1.5,1.0744,225.03,676.05,0.273
0.1563,0.2459,0.7541,1.5,1.5,1.6492,188.81,510.19,0.267
0.3939,0.2358,0.7642,1.5,1.5,1.2607,188.03,617.43,0.282
0.1439,0.3592,0.6408,1.5,1.5,2.5028,165.08,579.82,0.244
0.325,0.1457,0.8543,1.5,1.5,2.2911,175.62,542.36,0.196
0.1801,0.1621,0.8379,1.5,1.5,1.5664,269.16,609.66,0.174
0.1633,0.2542,0.7458,1.5,1.5,2.0108,150.13,604.49,0.162
0.1785,0.1891,0.8109,1.5,1.5,1.378,152.83,689.26,0.251
0.2626,0.4888,0.5112,1.5,1.5,2.8754,187.45,501.73,0.199
1.0833,0.2189,0.7811,1.5,1.5,7.3694,126.54,513.43,0.238
0.309,0.4577,0.5423,1.5,1.5,2.9809,198.16,436.3,0.225
0.2198,0.5126,0.4874,1.5,1.5,4.473,201.77,447.16,0.223
0.1396,0.18,0.82,1.5,1.5,1.6338,146.07,314.04,0.291
0.2514,0.1602,0.8398,1.5,1.5,2.4044,169.5,673.94,0.296
0.6064,0.1523,0.8477,1.5,1.5,3.5035,171.89,541.33,0.289
0.8728,0.2215,0.7785,1.5,1.5,5.7722,258.82,639.55,0.205
0.1814,0.3831,0.6169,1.5,1.5,3.6675,171.88,508.6,0.296
0.498,0.3078,0.6922,1.5,1.5,1.4746,158.63,371.77,0.299
0.1281,0.3413,0.6587,1.5,1.5,1.2299,134.47,648.52,0.236
0.7521,0.3893,0.6107,1.5,1.5,5.1283,165.09,378.64,0.3
0.717,0.2643,0.7357,1.5,1.5,3.3788,189.75,661.57,0.214
0.1527,0.3301,0.6699,1.5,1.5,2.9429,197.41,532.93,0.245
0.1271,0.3311,0.6689,1.5,1.5,2.7904,128.96,386.39,0.297
0.2616,0.1551,0.8449,1.5,1.5,0.6973,201.28,680.05,0.21
0.1552,0.2969,0.7031,1.5,1.5,2.321,222.84,691.75,0.21
0.3115,0.1695,0.8305,1.5,1.5,2.0558,145.44,410.74,0.298
0.2509,0.2346,0.7654,1.5,1.5,1.5214,260.79,590.96,0.202
0.1767,0.3484,0.6516,1.5,1.5,2.7439,292.13,649.78,0.3
0.741,0.1783,0.8217,1.5,1.5,4.5079,278.48,699.89,0.201
0.1537,0.3101,0.6899,1.5,1.5,2.8663,121.61,472.46,0.271
1.2679,0.2253,0.7747,1.5,1.5,7.1629,160.66,471.54,0.194
0.1354,0.2903,0.7097,1.5,1.5,2.3253,148.43,648.28,0.271
0.1287,0.3412,0.6588,1.5,1.5,1.3288,124.41,285.43,0.195
0.6248,0.199,0.801,1.5,1.5,3.4732,200.95,558.99,0.277
0.2348,0.1544,0.8456,1.5,1.5,1.685,299.12,679.8,0.251
0.1839,0.1548,0.8452,1.5,1.5,1.675,283.04,688.61,0.244
0.1237,0.3364,0.6636,1.5,1.5,1.2449,188.83,681.1,0.276
0.9549,0.197,0.803,1.5,1.5,3.2447,165.03,580.04,0.227
0.1852,0.2318,0.7682,1.5,1.5,0.7011,214.76,617.61,0.256
0.3797,0.5299,0.4701,1.5,1.5,3.8214,193.4,492.49,0.229
0.1605,0.1904,0.8096,1.5,1.5,2.0663,155.91,550.55,0.25
0.1468,0.1844,0.8156,1.5,1.5,0.7386,197.13,647.93,0.268
0.1948,0.165,0.835,1.5,1.5,1.4078,222.07,689.35,0.184
0.2636,0.1811,0.8189,1.5,1.5,2.2908,215.85,491.15,0.18
0.3135,0.158,0.842,1.5,1.5,1.6596,136.55,665.63,0.241
0.1525,0.28,0.72,1.5,1.5,1.7225,222.72,514.06,0.197
0.6549,0.332,0.668,1.5,1.5,2.107,241.88,643.37,0.234
0.9844,0.3926,0.6074,1.5,1.5,5.5453,252.8,690.25,0.196
0.2378,0.2845,0.7155,1.5,1.5,1.0226,191.01,698.13,0.252
0.1319,0.3695,0.6305,1.5,1.5,2.7848,165.97,651.75,0.177
0.2929,0.1448,0.8552,1.5,1.5,1.5331,140.39,362.4,0.251
0.1595,0.2396,0.7604,1.5,1.5,2.4845,123.21,651.59,0.217
0.116,0.3899,0.6101,1.5,1.5,2.9151,153.8,493.07,0.255
0.2413,0.4596,0.5404,1.5,1.5,2.8454,253.73,593.72,0.2
0.7119,0.3166,0.6834,1.5,1.5,2.4241,163.68,417.7,0.251
0.1806,0.1514,0.8486,1.5,1.5,0.6915,216.53,599.41,0.252
0.1833,0.1835,0.8165,1.5,1.5,2.0209,184.42,699.49,0.174
0.1702,0.1702,0.8298,1.5,1.5,1.8278,161.68,490.04,0.297
0.1373,0.1913,0.8087,1.5,1.5,1.5468,279.32,546.3,0.271
0.2562,0.5081,0.4919,1.5,1.5,0.9042,167.9,619.74,0.277
0.2278,0.2165,0.7835,1.5,1.5,2.7284,185.35,478.0,0.203
0.1846,0.1878,0.8122,1.5,1.5,0.7083,233.69,667.5,0.28
0.4077,0.1825,0.8175,1.5,1.5,3.2086,236.58,537.07,0.296
0.179,0.1741,0.8259,1.5,1.5,2.0845,250.47,686.31,0.245
0.1425,0.2811,0.7189,1.5,1.5,1.8727,272.64,566.34,0.26
0.1563,0.1586,0.8414,1.5,1.5,0.8774,133.66,460.33,0.242
0.1252,0.2997,0.7003,1.5,1.5,2.0072,232.1,485.28,0.298
0.2617,0.3987,0.6013,1.5,1.5,2.0108,138.84,518.42,0.203
0.3153,0.1907,0.8093,1.5,1.5,1.321,266.67,588.65,0.224
0.1554,0.1654,0.8346,1.5,1.5,0.6979,298.09,684.21,0.269
0.0945,0.4645,0.5355,1.5,1.5,2.3992,132.27,574.95,0.181
0.2421,0.1822,0.8178,1.5,1.5,1.7393,272.57,632.5,0.264
0.1429,0.4854,0.5146,1.5,1.5,2.62,163.12,604.21,0.227
0.589,0.173,0.827,1.5,1.5,4.432,241.02,527.71,0.267
0.4138,0.2159,0.7841,1.5,1.5,1.2077,149.07,652.47,0.26
0.3516,0.2178,0.7822,1.5,1.5,1.3334,129.57,508.52,0.211
0.1725,0.187,0.813,1.5,1.5,2.1702,166.14,510.46,0.263
0.333,0.3917,0.6083,1.5,1.5,3.5392,257.46,603.12,0.192
0.3131,0.1528,0.8472,1.5,1.5,3.0063,200.58,650.0,0.182
0.5335,0.165,0.835,1.5,1.5,1.8952,190.59,592.2,0.207
0.1619,0.2185,0.7815,1.5,1.5,1.7335,150.71,458.44,0.295
0.3531,0.1442,0.8558,1.5,1.5,0.7448,157.62,579.32,0.205
0.3883,0.4114,0.5886,1.5,1.5,1.8808,143.72,668.27,0.247
0.1755,0.1498,0.8502,1.5,1.5,1.9009,249.38,642.95,0.243
0.1853,0.3085,0.6915,1.5,1.5,0.9397,154.64,692.56,0.202
0.105,0.4623,0.5377,1.5,1.5,3.2441,214.69,598.54,0.193
0.3083,0.6207,0.3793,1.5,1.5,2.371,178.69,487.07,0.299
0.1371,0.2035,0.7965,1.5,1.5,0.8232,135.17,333.95,0.27
0.2661,0.387,0.613,1.5,1.5,2.816,123.35,618.51,0.255
0.5416,0.146,0.854,1.5,1.5,2.8917,209.92,484.04,0.251
0.2214,0.1993,0.8007,1.5,1.5,1.9869,256.59,690.04,0.281
0.2743,0.1488,0.8512,1.5,1.5,1.634,153.12,503.4,0.216
0.3866,0.2124,0.7876,1.5,1.5,1.7421,141.6,421.05,0.191
0.1848,0.2815,0.7185,1.5,1.5,0.8075,137.3,417.36,0.223
0.185,0.1514,0.8486,1.5,1.5,0.5674,176.9,461.32,0.279
0.1995,0.1638,0.8362,1.5,1.5,2.1861,146.13,583.64,0.286
0.1521,0.1865,0.8135,1.5,1.5,0.679,232.75,686.36,0.217
0.1483,0.2342,0.7658,1.5,1.5,2.0313,257.9,641.87,0.299
0.1743,0.2399,0.7601,1.5,1.5,1.2925,131.79,521.88,0.258
0.1481,0.158,0.842,1.5,1.5,1.7043,186.94,531.3,0.154
0.1651,0.2577,0.7423,1.5,1.5,1.1903,135.92,534.18,0.192
0.1932,0.1753,0.8247,1.5,1.5,1.6459,144.75,453.63,0.187
0.4231,0.1539,0.8461,1.5,1.5,1.537,280.51,608.08,0.272
0.2798,0.2094,0.7906,1.5,1.5,0.7819,123.7,658.56,0.299
0.234,0.3479,0.6521,1.5,1.5,2.5951,251.29,652.78,0.25
0.3134,0.3547,0.6453,1.5,1.5,3.8364,126.79,484.73,0.266
0.1332,0.2236,0.7764,1.5,1.5,2.0324,148.29,625.19,0.207
0.1427,0.2888,0.7112,1.5,1.5,1.7,234.23,517.35,0.286
0.4611,0.164,0.836,1.5,1.5,3.4994,231.33,664.9,0.199
0.2569,0.3382,0.6618,1.5,1.5,2.9755,126.96,459.83,0.198
0.1904,0.2353,0.7647,1.5,1.5,1.934,126.4,553.68,0.241
0.1891,0.3053,0.6947,1.5,1.5,1.9166,147.18,493.76,0.205
0.3339,0.2213,0.7787,1.5,1.5,3.2646,288.89,616.39,0.202
0.2916,0.2394,0.7606,1.5,1.5,1.5177,140.67,393.51,0.294
0.1233,0.4067,0.5933,1.5,1.5,1.9183,180.05,427.51,0.257
0.1638,0.1436,0.8564,1.5,1.5,1.0633,205.08,485.75,0.264
0.1702,0.5596,0.4404,1.5,1.5,3.9298,253.3,634.37,0.275
0.1443,0.17,0.83,1.5,1.5,0.3629,227.38,635.07,0.283
0.1946,0.1872,0.8128,1.5,1.5,1.9544,210.79,574.39,0.184
0.1984,0.2281,0.7719,1.5,1.5,1.0926,225.53,635.28,0.268
0.0886,0.5928,0.4072,1.5,1.5,2.4061,261.8,636.74,0.265
0.2576,0.1879,0.8121,1.5,1.5,1.7381,122.28,517.92,0.279
0.4552,0.279,0.721,1.5,1.5,2.2569,187.13,596.21,0.264
0.71,0.2786,0.7214,1.5,1.5,3.3861,171.64,697.2,0.298
0.0905,0.5862,0.4138,1.5,1.5,0.9799,162.66,584.56,0.21
0.5078,0.1483,0.8517,1.5,1.5,1.0834,235.91,675.63,0.237
0.6427,0.1786,0.8214,1.5,1.5,0.9946,174.99,576.76,0.21
0.1873,0.2591,0.7409,1.5,1.5,1.3732,164.31,364.45,0.21
0.1637,0.3738,0.6262,1.5,1.5,2.804,215.08,578.93,0.287
0.1484,0.1471,0.8529,1.5,1.5,1.9167,197.17,635.66,0.239
0.9661,0.2938,0.7062,1.5,1.5,7.7118,154.02,381.81,0.188
0.1385,0.4482,0.5518,1.5,1.5,3.5693,221.11,619.21,0.195
0.1507,0.1495,0.8505,1.5,1.5,1.7415,267.42,578.16,0.174
0.4527,0.4019,0.5981,1.5,1.5,2.8204,127.66,524.94,0.248
0.2308,0.1657,0.8343,1.5,1.5,1.7318,269.64,637.04,0.234
0.1352,0.2169,0.7831,1.5,1.5,1.7951,126.25,354.53,0.28
0.1171,0.3046,0.6954,1.5,1.5,1.3441,290.91,652.66,0.287
0.2901,0.241,0.759,1.5,1.5,1.475,189.47,406.93,0.258
1.2701,0.2151,0.7849,1.5,1.5,6.811,201.32,512.93,0.23
0.1432,0.15,0.85,1.5,1.5,1.759,283.98,558.45,0.21
0.2867,0.2636,0.7364,1.5,1.5,1.3914,174.56,365.05,0.298
0.4398,0.248,0.752,1.5,1.5,1.2324,153.1,536.97,0.271
0.2577,0.1625,0.8375,1.5,1.5,2.6467,248.6,535.19,0.193
0.1478,0.1792,0.8208,1.5,1.5,1.7291,175.02,632.22,0.197
0.769,0.3948,0.6052,1.5,1.5,3.1004,134.1,498.67,0.245
0.6862,0.1608,0.8392,1.5,1.5,1.7998,193.26,586.04,0.254
0.2598,0.3078,0.6922,1.5,1.5,1.6177,207.69,524.78,0.29
0.6047,0.1734,0.8266,1.5,1.5,4.7525,231.3,607.65,0.202
0.2776,0.1575,0.8425,1.5,1.5,2.0611,170.54,598.67,0.168
0.2721,0.1508,0.8492,1.5,1.5,2.5007,174.35,680.51,0.246
0.1428,0.1489,0.8511,1.5,1.5,1.3648,209.82,618.3,0.169
0.4631,0.1457,0.8543,1.5,1.5,3.0509,160.7,369.25,0.248
0.2366,0.1982,0.8018,1.5,1.5,1.647,264.31,536.11,0.297
0.1475,0.2889,0.7111,1.5,1.5,1.4307,286.45,669.67,0.271
0.4747,0.3876,0.6124,1.5,1.5,4.4168,167.75,653.9,0.229
0.1313,0.4429,0.5571,1.5,1.5,1.157,142.61,426.26,0.27
0.137,0.4037,0.5963,1.5,1.5,2.4752,145.42,685.49,0.23
0.1992,0.1549,0.8451,1.5,1.5,1.976,163.92,394.2,0.163
0.1259,0.2577,0.7423,1.5,1.5,1.8895,264.05,676.61,0.173
0.173,0.3406,0.6594,1.5,1.5,2.3178,147.48,658.49,0.198
0.1872,0.3957,0.6043,1.5,1.5,2.1982,171.4,684.78,0.263
0.1447,0.1607,0.8393,1.5,1.5,1.4204,131.03,572.02,0.181
0.321,0.2339,0.7661,1.5,1.5,3.4998,132.73,654.69,0.294
0.255,0.1558,0.8442,1.5,1.5,2.1051,188.42,492.11,0.286
0.257,0.1572,0.8428,1.5,1.5,2.5148,247.64,594.13,0.202
0.1426,0.372,0.628,1.5,1.5,2.7781,155.78,611.93,0.169
0.6563,0.154,0.846,1.5,1.5,1.444,129.16,596.33,0.241
0.1738,0.1441,0.8559,1.5,1.5,1.3931,192.65,430.3,0.268
0.1152,0.3248,0.6752,1.5,1.5,1.2565,135.56,518.2,0.237
0.1483,0.2105,0.7895,1.5,1.5,1.2484,155.18,558.56,0.243
0.124,0.2703,0.7297,1.5,1.5,2.2969,199.62,512.17,0.245
0.6207,0.1769,0.8231,1.5,1.5,3.5264,154.31,511.12,0.243
0.1625,0.1808,0.8192,1.5,1.5,2.1663,210.01,640.11,0.26
0.3211,0.2092,0.7908,1.5,1.5,2.8848,200.02,679.46,0.168
0.2842,0.1763,0.8237,1.5,1.5,1.2356,130.0,601.62,0.227
0.1454,0.2452,0.7548,1.5,1.5,0.9978,203.66,688.82,0.186
1.0142,0.1501,0.8499,1.5,1.5,3.3031,151.47,524.44,0.229
0.2,0.1897,0.8103,1.5,1.5,1.6578,288.71,697.95,0.25
0.1584,0.4764,0.5236,1.5,1.5,1.679,177.38,536.66,0.226
0.5102,0.2352,0.7648,1.5,1.5,3.9253,183.56,395.71,0.26
0.1889,0.2725,0.7275,1.5,1.5,2.5771,203.53,417.64,0.216
0.1614,0.1634,0.8366,1.5,1.5,1.9029,121.32,482.96,0.169
0.2696,0.1461,0.8539,1.5,1.5,1.9227,155.93,348.01,0.227
0.2777,0.1446,0.8554,1.5,1.5,1.7775,140.6,441.97,0.272
0.1606,0.4938,0.5062,1.5,1.5,3.7062,175.75,594.38,0.231
0.7104,0.1716,0.8284,1.5,1.5,2.3348,124.8,676.32,0.223
0.2378,0.3036,0.6964,1.5,1.5,1.6083,128.51,504.22,0.26
0.2137,0.2209,0.7791,1.5,1.5,0.8053,163.49,463.05,0.223
0.3025,0.2382,0.7618,1.5,1.5,3.2083,163.81,444.32,0.182
0.5427,0.2104,0.7896,1.5,1.5,3.9326,133.91,403.32,0.274
0.1921,0.1462,0.8538,1.5,1.5,2.0894,170.63,631.48,0.237
